,Tout,solGlo,caf
2024-02-28 23:00:00+01:00,,,
2024-02-29 00:00:00+01:00,276.4137878417969,5.361756871824497e-11,0.9999694228172302
2024-02-29 01:00:00+01:00,277.47308349609375,5.352724513629781e-11,0.9609086513519287
2024-02-29 02:00:00+01:00,278.4593200683594,5.349652665298521e-11,0.9560094475746155
2024-02-29 03:00:00+01:00,278.6158447265625,5.349222453876479e-11,0.9968682527542114
2024-02-29 04:00:00+01:00,278.65545654296875,5.337494335400095e-11,0.9999324083328247
2024-02-29 05:00:00+01:00,278.7796630859375,5.332050079243089e-11,0.9999860525131226
2024-02-29 06:00:00+01:00,279.0634460449219,-2.13570452989309e-10,0.9993870258331299
2024-02-29 07:00:00+01:00,279.2291259765625,0.0,1.0
2024-02-29 08:00:00+01:00,279.3963317871094,7456.0,1.0
2024-02-29 09:00:00+01:00,279.35784912109375,77152.0,1.0
2024-02-29 10:00:00+01:00,279.7009582519531,141312.0,1.0
2024-02-29 11:00:00+01:00,280.28961181640625,175053.1875,0.9959933757781982
2024-02-29 12:00:00+01:00,280.61041259765625,206687.125,1.0
2024-02-29 13:00:00+01:00,281.1354064941406,259388.75,0.9954990148544312
2024-02-29 14:00:00+01:00,281.55517578125,438545.875,0.9437993764877319
2024-02-29 15:00:00+01:00,281.3800048828125,560000.375,0.931763768196106
2024-02-29 16:00:00+01:00,281.6540222167969,388817.5,0.8447229862213135
2024-02-29 17:00:00+01:00,282.0040588378906,177422.5,0.4154689311981201
2024-02-29 18:00:00+01:00,281.2912902832031,20599.125,0.48333579301834106
2024-02-29 19:00:00+01:00,280.69287109375,32.0,1.0
2024-02-29 20:00:00+01:00,280.13739013671875,0.0,1.0
2024-02-29 21:00:00+01:00,279.83001708984375,0.0,1.0
2024-02-29 22:00:00+01:00,280.20550537109375,5.050092288794161e-11,1.0
2024-02-29 23:00:00+01:00,280.66973876953125,5.048741980040461e-11,1.0
2024-03-01 00:00:00+01:00,280.7352294921875,5.051196960703663e-11,1.0
2024-03-01 01:00:00+01:00,280.49090576171875,5.04870520390277e-11,0.9999943375587463
2024-03-01 02:00:00+01:00,280.3538818359375,5.063630070800684e-11,1.0
2024-03-01 03:00:00+01:00,280.6610107421875,5.06110015008332e-11,1.0
2024-03-01 04:00:00+01:00,280.4329833984375,5.071301018011454e-11,1.0
2024-03-01 05:00:00+01:00,280.090576171875,5.0690007746823085e-11,0.9999472498893738
2024-03-01 06:00:00+01:00,280.15673828125,-2.027027573570095e-10,1.0
2024-03-01 07:00:00+01:00,279.8579406738281,0.0,1.0
2024-03-01 08:00:00+01:00,279.5683288574219,14368.0,0.9936081171035767
2024-03-01 09:00:00+01:00,280.5515441894531,127392.0,0.9663088321685791
2024-03-01 10:00:00+01:00,280.997802734375,268096.0,0.8774247169494629
2024-03-01 11:00:00+01:00,281.3807067871094,348020.25,0.9907828569412231
2024-03-01 12:00:00+01:00,281.7579345703125,402983.625,0.9865702986717224
2024-03-01 13:00:00+01:00,281.7437744140625,514983.25,0.9659668207168579
2024-03-01 14:00:00+01:00,282.5508728027344,493074.375,0.7734168767929077
2024-03-01 15:00:00+01:00,282.5088195800781,422117.875,0.8356015086174011
2024-03-01 16:00:00+01:00,282.05047607421875,367301.625,0.8757535219192505
2024-03-01 17:00:00+01:00,281.17144775390625,250341.6875,0.7569112181663513
2024-03-01 18:00:00+01:00,280.27691650390625,32099.875,0.4910767674446106
2024-03-01 19:00:00+01:00,279.72412109375,0.0,0.44754019379615784
2024-03-01 20:00:00+01:00,279.8023986816406,0.0,0.945982813835144
2024-03-01 21:00:00+01:00,279.8568420410156,0.0,0.9847790002822876
2024-03-01 22:00:00+01:00,279.48699951171875,5.0719095590068264e-11,0.48466864228248596
2024-03-01 23:00:00+01:00,279.22265625,5.068509500993912e-11,0.9739107489585876
2024-03-02 00:00:00+01:00,279.46826171875,5.074787812198167e-11,0.9040125608444214
2024-03-02 01:00:00+01:00,279.5234680175781,5.066012886967286e-11,0.758051335811615
2024-03-02 02:00:00+01:00,278.37744140625,5.0729115352865506e-11,0.18031933903694153
2024-03-02 03:00:00+01:00,277.8377990722656,5.067544994741269e-11,0.0
2024-03-02 04:00:00+01:00,277.4327087402344,5.071539022072358e-11,0.056707389652729034
2024-03-02 05:00:00+01:00,276.66217041015625,5.0650261762541504e-11,0.008947217836976051
2024-03-02 06:00:00+01:00,277.13018798828125,-2.0269171063791447e-10,0.21325847506523132
2024-03-02 07:00:00+01:00,277.6383361816406,0.0,0.809038519859314
2024-03-02 08:00:00+01:00,277.4287414550781,31936.0,0.9287422895431519
2024-03-02 09:00:00+01:00,277.6636657714844,235904.0,0.9840782284736633
2024-03-02 10:00:00+01:00,278.4963684082031,468477.1875,0.9946311712265015
2024-03-02 11:00:00+01:00,280.3298034667969,638223.9375,0.9787841439247131
2024-03-02 12:00:00+01:00,281.8984375,649235.5,0.7279544472694397
2024-03-02 13:00:00+01:00,282.7916564941406,918599.375,0.9058431386947632
2024-03-02 14:00:00+01:00,283.2524108886719,704662.25,0.9939432144165039
2024-03-02 15:00:00+01:00,282.959228515625,499148.5,0.9979311227798462
2024-03-02 16:00:00+01:00,282.16314697265625,291172.75,0.9959720373153687
2024-03-02 17:00:00+01:00,281.5372619628906,121965.375,0.9953680038452148
2024-03-02 18:00:00+01:00,281.16790771484375,16402.875,1.0
2024-03-02 19:00:00+01:00,281.1244812011719,0.0,0.9993208646774292
2024-03-02 20:00:00+01:00,280.26611328125,0.0,0.9743552207946777
2024-03-02 21:00:00+01:00,279.5028381347656,0.0,0.9995352029800415
2024-03-02 22:00:00+01:00,278.3950500488281,5.059367508275514e-11,0.9979291558265686
2024-03-02 23:00:00+01:00,277.92291259765625,5.0614887281419385e-11,0.9776309728622437
2024-03-03 00:00:00+01:00,277.93218994140625,5.061324970245806e-11,0.9929538369178772
2024-03-03 01:00:00+01:00,277.4463806152344,5.0605492019073495e-11,0.9438416957855225
2024-03-03 02:00:00+01:00,277.54217529296875,5.058964358539697e-11,0.5721147060394287
2024-03-03 03:00:00+01:00,277.1784362792969,5.065040054041958e-11,0.6869708299636841
2024-03-03 04:00:00+01:00,276.70184326171875,5.0601925427606886e-11,0.9999908208847046
2024-03-03 05:00:00+01:00,275.826904296875,-1.5183741763902248e-10,0.9551335573196411
2024-03-03 06:00:00+01:00,274.9160461425781,0.0,0.005761856213212013
2024-03-03 07:00:00+01:00,274.17950439453125,0.0,5.653830612573074e-06
2024-03-03 08:00:00+01:00,273.8777160644531,43968.0,0.5384500622749329
2024-03-03 09:00:00+01:00,274.4427795410156,316672.0,0.1914377510547638
2024-03-03 10:00:00+01:00,275.9552307128906,639716.375,0.02669096365571022
2024-03-03 11:00:00+01:00,278.1147766113281,912893.0,0.331924706697464
2024-03-03 12:00:00+01:00,279.25238037109375,1079494.375,0.7726438045501709
2024-03-03 13:00:00+01:00,280.6521301269531,1137354.0,0.9143362641334534
2024-03-03 14:00:00+01:00,281.74322509765625,1021912.5,0.9035848379135132
2024-03-03 15:00:00+01:00,283.03228759765625,842471.75,0.822278618812561
2024-03-03 16:00:00+01:00,283.0417175292969,500798.75,0.8474637866020203
2024-03-03 17:00:00+01:00,282.3895568847656,249194.5,0.8762913942337036
2024-03-03 18:00:00+01:00,281.4231262207031,34687.5,0.9554204344749451
2024-03-03 19:00:00+01:00,280.5680236816406,32.0,0.9945452809333801
2024-03-03 20:00:00+01:00,280.0630798339844,0.0,0.9998453855514526
2024-03-03 21:00:00+01:00,279.8978576660156,0.0,0.9999463558197021
2024-03-03 22:00:00+01:00,279.1741027832031,5.0593543243770966e-11,0.7754178643226624
2024-03-03 23:00:00+01:00,278.42169189453125,5.0607198986973856e-11,0.8917808532714844
2024-03-04 00:00:00+01:00,277.7894592285156,5.065811659044073e-11,0.8290348052978516
2024-03-04 01:00:00+01:00,279.10943603515625,5.06049716020307e-11,0.8893612623214722
2024-03-04 02:00:00+01:00,279.1225280761719,5.0632484316359694e-11,0.8240275979042053
2024-03-04 03:00:00+01:00,279.1370849609375,5.0599593959255174e-11,0.8702811598777771
2024-03-04 04:00:00+01:00,279.0262145996094,5.065053931829766e-11,0.9472691416740417
2024-03-04 05:00:00+01:00,278.78350830078125,-1.518538073064235e-10,0.9187303781509399
2024-03-04 06:00:00+01:00,278.12567138671875,0.0,0.9241464138031006
2024-03-04 07:00:00+01:00,278.2408447265625,0.0,0.9335122108459473
2024-03-04 08:00:00+01:00,278.7847595214844,38624.0,0.5708472728729248
2024-03-04 09:00:00+01:00,278.9330749511719,121824.0,0.4902535676956177
2024-03-04 10:00:00+01:00,280.34075927734375,500288.625,0.5063722729682922
2024-03-04 11:00:00+01:00,281.7847900390625,609698.625,0.5658091306686401
2024-03-04 12:00:00+01:00,282.92633056640625,598519.25,0.5888547897338867
2024-03-04 13:00:00+01:00,283.7901611328125,539999.5,0.6040852069854736
2024-03-04 14:00:00+01:00,283.00079345703125,506278.75,0.7151888012886047
2024-03-04 15:00:00+01:00,282.0439758300781,461941.0,0.7270711660385132
2024-03-04 16:00:00+01:00,281.8523254394531,215938.25,0.796852707862854
2024-03-04 17:00:00+01:00,281.5556945800781,89228.75,0.9040144681930542
2024-03-04 18:00:00+01:00,280.9100646972656,10840.875,0.9518725275993347
2024-03-04 19:00:00+01:00,280.2417297363281,0.0,0.0947253406047821
2024-03-04 20:00:00+01:00,279.3053894042969,0.0,0.02316814288496971
2024-03-04 21:00:00+01:00,279.0695495605469,0.0,0.0035212356597185135
2024-03-04 22:00:00+01:00,279.0718994140625,0.0,0.24464811384677887
2024-03-04 23:00:00+01:00,278.8699035644531,0.0,0.028072373941540718
2024-03-05 00:00:00+01:00,277.7083435058594,0.0,0.0
2024-03-05 01:00:00+01:00,277.3431701660156,5.068580277711732e-11,0.0
2024-03-05 02:00:00+01:00,276.91705322265625,5.0712559152010783e-11,4.764171171700582e-05
2024-03-05 03:00:00+01:00,276.0389099121094,5.070920072736129e-11,0.021447554230690002
2024-03-05 04:00:00+01:00,277.0951232910156,5.0693789444000714e-11,0.0
2024-03-05 05:00:00+01:00,276.8408203125,-1.520747416883239e-10,1.9582063032430597e-05
2024-03-05 06:00:00+01:00,277.3681945800781,0.0,0.0
2024-03-05 07:00:00+01:00,277.1205139160156,0.0,0.0
2024-03-05 08:00:00+01:00,276.193603515625,71040.0,0.18657681345939636
2024-03-05 09:00:00+01:00,276.8011779785156,395392.0,0.09955987334251404
2024-03-05 10:00:00+01:00,278.43890380859375,758653.5,0.020686499774456024
2024-03-05 11:00:00+01:00,279.98858642578125,1041883.0,0.025089675560593605
2024-03-05 12:00:00+01:00,280.80877685546875,1232852.0,0.020877983421087265
2024-03-05 13:00:00+01:00,281.90020751953125,1270296.75,0.01055009476840496
2024-03-05 14:00:00+01:00,281.99267578125,1207561.25,0.011540142819285393
2024-03-05 15:00:00+01:00,281.8992004394531,1027333.0,0.0
2024-03-05 16:00:00+01:00,281.7154846191406,726828.75,0.062404558062553406
2024-03-05 17:00:00+01:00,280.52789306640625,384525.5,0.1432836800813675
2024-03-05 18:00:00+01:00,278.69012451171875,70244.75,0.1301380693912506
2024-03-05 19:00:00+01:00,277.23492431640625,0.0,0.17862069606781006
2024-03-05 20:00:00+01:00,275.9696044921875,0.0,0.9035602807998657
2024-03-05 21:00:00+01:00,274.615478515625,0.0,0.9800330996513367
2024-03-05 22:00:00+01:00,273.5054626464844,0.0,0.2697930335998535
2024-03-05 23:00:00+01:00,272.907958984375,0.0,0.8065185546875
2024-03-06 00:00:00+01:00,272.33367919921875,0.0,0.0020580345299094915
2024-03-06 01:00:00+01:00,271.830322265625,5.066904534833938e-11,0.03518105670809746
2024-03-06 02:00:00+01:00,271.32049560546875,5.0646251081865046e-11,0.006914372555911541
2024-03-06 03:00:00+01:00,270.8528747558594,5.069072939178909e-11,0.0
2024-03-06 04:00:00+01:00,270.52557373046875,5.063757052559126e-11,0.07933008670806885
2024-03-06 05:00:00+01:00,270.1896057128906,-1.519562670138086e-10,0.0
2024-03-06 06:00:00+01:00,269.6342468261719,0.0,0.0
2024-03-06 07:00:00+01:00,269.6673889160156,0.0,0.0
2024-03-06 08:00:00+01:00,269.6811218261719,83392.0,0.05412591993808746
2024-03-06 09:00:00+01:00,270.4781188964844,413440.0,0.0210708137601614
2024-03-06 10:00:00+01:00,272.94415283203125,771452.375,0.05578431487083435
2024-03-06 11:00:00+01:00,274.8445739746094,1042630.375,0.05202491208910942
2024-03-06 12:00:00+01:00,275.46282958984375,1227742.0,0.014983161352574825
2024-03-06 13:00:00+01:00,276.7201843261719,1280022.5,0.00898196455091238
2024-03-06 14:00:00+01:00,277.2758483886719,1222951.5,0.005517452023923397
2024-03-06 15:00:00+01:00,277.5719299316406,1037014.5,0.0038020345382392406
2024-03-06 16:00:00+01:00,277.84661865234375,733832.0,0.008541585877537727
2024-03-06 17:00:00+01:00,277.2582702636719,395414.5,0.03947046026587486
2024-03-06 18:00:00+01:00,276.0968017578125,81927.75,0.05862981081008911
2024-03-06 19:00:00+01:00,274.73052978515625,0.0,0.0
2024-03-06 20:00:00+01:00,273.63671875,0.0,0.0
2024-03-06 21:00:00+01:00,272.84417724609375,0.0,0.0
2024-03-06 22:00:00+01:00,272.6939392089844,0.0,0.0
2024-03-06 23:00:00+01:00,272.25164794921875,0.0,0.0
2024-03-07 00:00:00+01:00,272.4496765136719,0.0,0.0
2024-03-07 01:00:00+01:00,272.6393737792969,5.0613041535640946e-11,0.0
2024-03-07 02:00:00+01:00,272.3445739746094,5.063778563130228e-11,0.0
2024-03-07 03:00:00+01:00,272.0127868652344,5.072585407273067e-11,0.0
2024-03-07 04:00:00+01:00,271.76806640625,5.0672355200731545e-11,0.0
2024-03-07 05:00:00+01:00,271.67462158203125,-3.0385990945624997e-10,0.0
2024-03-07 06:00:00+01:00,271.3858337402344,0.0,0.0
2024-03-07 07:00:00+01:00,271.4778137207031,0.0,0.04070384055376053
2024-03-07 08:00:00+01:00,271.42779541015625,87712.0,0.660446047782898
2024-03-07 09:00:00+01:00,272.4059143066406,381152.0,0.28456592559814453
2024-03-07 10:00:00+01:00,274.10955810546875,728645.25,0.4531901478767395
2024-03-07 11:00:00+01:00,275.5721435546875,1027646.75,0.8768071532249451
2024-03-07 12:00:00+01:00,276.604248046875,1207257.0,0.9746142029762268
2024-03-07 13:00:00+01:00,277.36981201171875,1167979.5,0.864081084728241
2024-03-07 14:00:00+01:00,278.0110168457031,773444.75,1.0
2024-03-07 15:00:00+01:00,278.2389221191406,562674.5,1.0
2024-03-07 16:00:00+01:00,278.62420654296875,138624.15625,0.8513703942298889
2024-03-07 17:00:00+01:00,278.0367126464844,96547.28125,0.8224276304244995
2024-03-07 18:00:00+01:00,277.4280700683594,26988.34375,0.8952081203460693
2024-03-07 19:00:00+01:00,276.507568359375,0.0,0.9821040630340576
2024-03-07 20:00:00+01:00,275.80303955078125,0.0,0.9370282888412476
2024-03-07 21:00:00+01:00,275.52288818359375,0.0,0.904151976108551
2024-03-07 22:00:00+01:00,275.24530029296875,0.0,0.39213696122169495
2024-03-07 23:00:00+01:00,274.3388366699219,0.0,0.22289979457855225
2024-03-08 00:00:00+01:00,273.62786865234375,0.0,0.30810514092445374
2024-03-08 01:00:00+01:00,273.3390197753906,5.06918118592381e-11,0.3551410138607025
2024-03-08 02:00:00+01:00,272.78424072265625,5.0693949038560504e-11,0.4126121997833252
2024-03-08 03:00:00+01:00,272.6991271972656,5.072432751607181e-11,0.38878339529037476
2024-03-08 04:00:00+01:00,273.0842590332031,5.068893221826798e-11,0.1916438341140747
2024-03-08 05:00:00+01:00,273.2156066894531,-1.520608500227283e-10,0.1638907641172409
2024-03-08 06:00:00+01:00,273.5096435546875,0.0,0.287555992603302
2024-03-08 07:00:00+01:00,273.53448486328125,0.0,0.532139241695404
2024-03-08 08:00:00+01:00,273.6596984863281,78016.0,1.0
2024-03-08 09:00:00+01:00,273.8547668457031,286656.0,1.0
2024-03-08 10:00:00+01:00,274.6560974121094,372171.3125,0.9828363656997681
2024-03-08 11:00:00+01:00,275.3600158691406,485823.1875,0.9427808523178101
2024-03-08 12:00:00+01:00,276.5208740234375,684038.75,0.9054600596427917
2024-03-08 13:00:00+01:00,277.0312194824219,766066.375,0.9937036037445068
2024-03-08 14:00:00+01:00,277.1624450683594,677634.875,0.8998628258705139
2024-03-08 15:00:00+01:00,277.06646728515625,528004.75,0.8294726610183716
2024-03-08 16:00:00+01:00,276.4053649902344,262627.75,0.8722528219223022
2024-03-08 17:00:00+01:00,276.0826721191406,138260.5,0.9273686408996582
2024-03-08 18:00:00+01:00,275.76263427734375,34325.875,0.9997320175170898
2024-03-08 19:00:00+01:00,275.370849609375,-32.0,0.9999908208847046
2024-03-08 20:00:00+01:00,274.6471862792969,0.0,0.9990857839584351
2024-03-08 21:00:00+01:00,273.7236633300781,0.0,0.9978706240653992
2024-03-08 22:00:00+01:00,272.83880615234375,0.0,1.0
2024-03-08 23:00:00+01:00,272.5538024902344,0.0,1.0
2024-03-09 00:00:00+01:00,272.9873046875,0.0,0.9999706745147705
2024-03-09 01:00:00+01:00,273.107421875,5.0580983845804894e-11,0.9193620681762695
2024-03-09 02:00:00+01:00,273.049560546875,5.0670759255133646e-11,0.7325595617294312
2024-03-09 03:00:00+01:00,273.08966064453125,5.068691300014194e-11,0.3282516300678253
2024-03-09 04:00:00+01:00,273.13079833984375,5.067345154596836e-11,0.16193194687366486
2024-03-09 05:00:00+01:00,273.2469177246094,-1.5205965653297682e-10,0.12474371492862701
2024-03-09 06:00:00+01:00,273.1811828613281,0.0,0.09263555705547333
2024-03-09 07:00:00+01:00,273.007080078125,0.0,0.9754895567893982
2024-03-09 08:00:00+01:00,273.2913818359375,117984.0,0.9848694801330566
2024-03-09 09:00:00+01:00,273.9419250488281,355104.0,1.0
2024-03-09 10:00:00+01:00,274.6895751953125,371694.0,1.0
2024-03-09 11:00:00+01:00,275.5960998535156,528460.75,0.9927199482917786
2024-03-09 12:00:00+01:00,276.4598693847656,683407.0,1.0
2024-03-09 13:00:00+01:00,276.80047607421875,797616.25,0.9791281819343567
2024-03-09 14:00:00+01:00,276.7789306640625,999768.0,1.0
2024-03-09 15:00:00+01:00,276.9024353027344,946872.5,0.8674478530883789
2024-03-09 16:00:00+01:00,276.6812438964844,754556.75,0.5423173308372498
2024-03-09 17:00:00+01:00,276.3592834472656,452772.75,0.7859128713607788
2024-03-09 18:00:00+01:00,275.7312316894531,123998.0,0.3641175627708435
2024-03-09 19:00:00+01:00,274.86761474609375,0.0,0.0
2024-03-09 20:00:00+01:00,274.54498291015625,0.0,0.0
2024-03-09 21:00:00+01:00,274.2269287109375,0.0,0.0
2024-03-09 22:00:00+01:00,273.9383239746094,0.0,0.0
2024-03-09 23:00:00+01:00,273.4825744628906,0.0,0.0
2024-03-10 00:00:00+01:00,273.43426513671875,0.0,0.0
2024-03-10 01:00:00+01:00,273.29595947265625,5.067243846745839e-11,0.0
2024-03-10 02:00:00+01:00,272.9656677246094,5.067517239165653e-11,0.0
2024-03-10 03:00:00+01:00,272.6143493652344,5.0688855890435036e-11,0.0
2024-03-10 04:00:00+01:00,272.2863464355469,5.0670453943801874e-11,0.0
2024-03-10 05:00:00+01:00,271.75982666015625,-1.520617798345114e-10,0.0
2024-03-10 06:00:00+01:00,271.5888366699219,0.0,0.0
2024-03-10 07:00:00+01:00,271.0821228027344,0.0,0.010430283844470978
2024-03-10 08:00:00+01:00,270.969482421875,151904.0,0.04885442554950714
2024-03-10 09:00:00+01:00,271.80450439453125,524832.0,0.03879350423812866
2024-03-10 10:00:00+01:00,273.1536560058594,886172.0,0.016509559005498886
2024-03-10 11:00:00+01:00,274.4700927734375,1194096.5,0.014748765155673027
2024-03-10 12:00:00+01:00,275.2559814453125,1388992.5,0.016117462888360023
2024-03-10 13:00:00+01:00,276.1105041503906,1430233.5,0.016025472432374954
2024-03-10 14:00:00+01:00,276.98638916015625,1371172.0,0.021392321214079857
2024-03-10 15:00:00+01:00,276.3135070800781,1163714.0,0.0
2024-03-10 16:00:00+01:00,276.3047180175781,840815.5,0.0766596868634224
2024-03-10 17:00:00+01:00,275.6148376464844,485671.75,0.1132102906703949
2024-03-10 18:00:00+01:00,274.5992431640625,137147.25,0.3095242381095886
2024-03-10 19:00:00+01:00,273.13824462890625,0.0,0.0
2024-03-10 20:00:00+01:00,272.00323486328125,0.0,0.0
2024-03-10 21:00:00+01:00,271.2183837890625,0.0,0.0
2024-03-10 22:00:00+01:00,270.6842956542969,0.0,0.0
2024-03-10 23:00:00+01:00,270.83056640625,0.0,0.0
2024-03-11 00:00:00+01:00,270.4169616699219,0.0,0.0
2024-03-11 01:00:00+01:00,269.9057922363281,5.069580866212675e-11,0.0
2024-03-11 02:00:00+01:00,269.51513671875,5.070102671034249e-11,0.0
2024-03-11 03:00:00+01:00,269.05450439453125,5.067490871368818e-11,1.0400724931969307e-05
2024-03-11 04:00:00+01:00,268.5208740234375,5.070555086916784e-11,0.038546085357666016
2024-03-11 05:00:00+01:00,268.00177001953125,-1.5211371051648825e-10,0.00034982478246092796
2024-03-11 06:00:00+01:00,267.7041931152344,0.0,1.0400724931969307e-05
2024-03-11 07:00:00+01:00,267.46923828125,416.0,0.15820559859275818
2024-03-11 08:00:00+01:00,267.6568298339844,167136.0,0.11467736959457397
2024-03-11 09:00:00+01:00,269.123291015625,532416.0,0.20024259388446808
2024-03-11 10:00:00+01:00,271.5442810058594,878847.375,0.32759422063827515
2024-03-11 11:00:00+01:00,273.3571472167969,1202041.125,0.5409448742866516
2024-03-11 12:00:00+01:00,273.9960632324219,1390640.5,0.4153101444244385
2024-03-11 13:00:00+01:00,275.1773986816406,1445450.5,0.33253127336502075
2024-03-11 14:00:00+01:00,275.6036071777344,1381241.25,0.2057422697544098
2024-03-11 15:00:00+01:00,276.0445861816406,1188994.5,0.12779536843299866
2024-03-11 16:00:00+01:00,276.13836669921875,869419.25,0.20381031930446625
2024-03-11 17:00:00+01:00,276.0561828613281,511215.5,0.055220723152160645
2024-03-11 18:00:00+01:00,274.7867126464844,153652.75,0.254063218832016
2024-03-11 19:00:00+01:00,273.23699951171875,64.0,0.041625529527664185
2024-03-11 20:00:00+01:00,272.0507507324219,32.0,0.7025551199913025
2024-03-11 21:00:00+01:00,271.4360046386719,0.0,0.8958290219306946
2024-03-11 22:00:00+01:00,270.8377990722656,0.0,0.764502763748169
2024-03-11 23:00:00+01:00,270.20654296875,0.0,0.5569428205490112
2024-03-12 00:00:00+01:00,269.80938720703125,0.0,0.8770977258682251
2024-03-12 01:00:00+01:00,269.5690002441406,5.0711337906683696e-11,0.1671064794063568
2024-03-12 02:00:00+01:00,269.25250244140625,5.0704357379416365e-11,0.36776965856552124
2024-03-12 03:00:00+01:00,269.1455078125,5.0704287990477326e-11,0.328360378742218
2024-03-12 04:00:00+01:00,269.07574462890625,5.0705314946775104e-11,0.9937798976898193
2024-03-12 05:00:00+01:00,269.14422607421875,-1.5205617320823706e-10,0.9973760843276978
2024-03-12 06:00:00+01:00,268.91302490234375,0.0,0.9997107982635498
2024-03-12 07:00:00+01:00,268.5810241699219,1472.0,0.9549155235290527
2024-03-12 08:00:00+01:00,268.8821716308594,160032.0,0.8682944178581238
2024-03-12 09:00:00+01:00,270.1522216796875,411488.0,0.7324268817901611
2024-03-12 10:00:00+01:00,271.7478332519531,742786.0,0.6264861822128296
2024-03-12 11:00:00+01:00,273.3939514160156,1156954.25,0.7011933922767639
2024-03-12 12:00:00+01:00,274.4554748535156,1342742.5,0.6176596283912659
2024-03-12 13:00:00+01:00,275.3844299316406,1415583.5,0.4932067394256592
2024-03-12 14:00:00+01:00,275.96142578125,1355711.5,0.5570316910743713
2024-03-12 15:00:00+01:00,276.8699035644531,1158512.0,0.4027082622051239
2024-03-12 16:00:00+01:00,276.80859375,857699.5,0.5185154676437378
2024-03-12 17:00:00+01:00,276.2549133300781,505759.75,0.7555136680603027
2024-03-12 18:00:00+01:00,275.523681640625,154698.25,0.9211731553077698
2024-03-12 19:00:00+01:00,274.7963562011719,608.0,0.9944460391998291
2024-03-12 20:00:00+01:00,274.4273376464844,0.0,0.9994300007820129
2024-03-12 21:00:00+01:00,273.90875244140625,0.0,0.9999555349349976
2024-03-12 22:00:00+01:00,272.7078552246094,0.0,0.887075662612915
2024-03-12 23:00:00+01:00,271.93310546875,0.0,0.9824315309524536
2024-03-13 00:00:00+01:00,271.3851318359375,0.0,0.9821507334709167
2024-03-13 01:00:00+01:00,270.8768310546875,5.070936032192108e-11,0.9808796644210815
2024-03-13 02:00:00+01:00,270.4261169433594,5.068134800723101e-11,0.9978914260864258
2024-03-13 03:00:00+01:00,270.1325378417969,5.0710574628354266e-11,0.9998605251312256
2024-03-13 04:00:00+01:00,269.9601135253906,5.0701838560929247e-11,0.9999750852584839
2024-03-13 05:00:00+01:00,270.0056457519531,-1.5210371850926663e-10,1.0
2024-03-13 06:00:00+01:00,270.15728759765625,0.0,0.9999371767044067
2024-03-13 07:00:00+01:00,269.84027099609375,2800.0,0.9478683471679688
2024-03-13 08:00:00+01:00,270.2923278808594,153808.0,0.6560762524604797
2024-03-13 09:00:00+01:00,271.8514709472656,414621.75,0.6767650246620178
2024-03-13 10:00:00+01:00,273.932861328125,782791.125,0.6834248304367065
2024-03-13 11:00:00+01:00,275.5102233886719,1090583.875,0.9237508177757263
2024-03-13 12:00:00+01:00,276.8650207519531,1101748.75,0.9973806142807007
2024-03-13 13:00:00+01:00,279.80120849609375,945745.0,0.9995079636573792
2024-03-13 14:00:00+01:00,281.19189453125,791351.5,0.999800980091095
2024-03-13 15:00:00+01:00,280.8650817871094,364363.25,0.9995450973510742
2024-03-13 16:00:00+01:00,279.68792724609375,124091.875,0.9998651742935181
2024-03-13 17:00:00+01:00,278.14495849609375,46464.125,0.9999613761901855
2024-03-13 18:00:00+01:00,278.1448059082031,12114.5625,0.9999655485153198
2024-03-13 19:00:00+01:00,278.6366882324219,128.0,1.0
2024-03-13 20:00:00+01:00,279.08502197265625,0.0,1.0
2024-03-13 21:00:00+01:00,279.775390625,0.0,1.0
2024-03-13 22:00:00+01:00,279.67694091796875,0.0,1.0
2024-03-13 23:00:00+01:00,279.8057556152344,0.0,1.0
2024-03-14 00:00:00+01:00,279.24761962890625,0.0,1.0
2024-03-14 01:00:00+01:00,278.37481689453125,5.0686170538494224e-11,0.9999860525131226
2024-03-14 02:00:00+01:00,277.5384216308594,5.067721242646428e-11,1.0
2024-03-14 03:00:00+01:00,276.9931335449219,5.070634190307288e-11,1.0
2024-03-14 04:00:00+01:00,276.22332763671875,5.061227131841761e-11,0.024942005053162575
2024-03-14 05:00:00+01:00,274.82489013671875,-1.518587894322465e-10,0.0
2024-03-14 06:00:00+01:00,273.8115234375,0.0,0.06991668045520782
2024-03-14 07:00:00+01:00,273.0724792480469,6016.0,0.14949193596839905
2024-03-14 08:00:00+01:00,273.2754211425781,221728.0,0.1265222281217575
2024-03-14 09:00:00+01:00,276.0945739746094,597789.25,0.13677643239498138
2024-03-14 10:00:00+01:00,280.4385986328125,963119.0625,0.5548421740531921
2024-03-14 11:00:00+01:00,283.647705078125,1116717.75,0.827095091342926
2024-03-14 12:00:00+01:00,284.55133056640625,678456.25,0.9669102430343628
2024-03-14 13:00:00+01:00,283.83538818359375,300743.875,0.8277589678764343
2024-03-14 14:00:00+01:00,283.35382080078125,1192907.75,0.8618232607841492
2024-03-14 15:00:00+01:00,282.6316223144531,448996.0,0.7924984693527222
2024-03-14 16:00:00+01:00,282.5958251953125,447971.9375,0.6365939378738403
2024-03-14 17:00:00+01:00,281.921630859375,475396.875,0.7416542768478394
2024-03-14 18:00:00+01:00,280.20880126953125,120905.375,0.3755226731300354
2024-03-14 19:00:00+01:00,279.690185546875,1984.0,0.18518853187561035
2024-03-14 20:00:00+01:00,279.4460754394531,0.0,0.6725338697433472
2024-03-14 21:00:00+01:00,279.6243591308594,0.0,0.019618995487689972
2024-03-14 22:00:00+01:00,279.39410400390625,0.0,0.01875261217355728
2024-03-14 23:00:00+01:00,279.25909423828125,0.0,0.2162429839372635
2024-03-15 00:00:00+01:00,279.2655944824219,0.0,0.9995169639587402
2024-03-15 01:00:00+01:00,278.913818359375,5.062295721502963e-11,0.9999622106552124
2024-03-15 02:00:00+01:00,278.4665222167969,5.06797381838453e-11,0.9999943375587463
2024-03-15 03:00:00+01:00,278.4667663574219,5.067588015883473e-11,0.8341524600982666
2024-03-15 04:00:00+01:00,278.1412353515625,-1.0126565558321587e-10,1.0
2024-03-15 05:00:00+01:00,277.8778076171875,0.0,1.0
2024-03-15 06:00:00+01:00,277.39385986328125,0.0,0.9999943375587463
2024-03-15 07:00:00+01:00,277.2170715332031,6096.0,1.0
2024-03-15 08:00:00+01:00,277.22119140625,41328.0,0.9979507923126221
2024-03-15 09:00:00+01:00,277.4950866699219,149195.140625,0.9348745346069336
2024-03-15 10:00:00+01:00,278.2010498046875,407744.75,0.9549817442893982
2024-03-15 11:00:00+01:00,279.7090148925781,410115.8125,1.0
2024-03-15 12:00:00+01:00,279.852294921875,716458.0625,0.9914222955703735
2024-03-15 13:00:00+01:00,279.71405029296875,671287.0,1.0
2024-03-15 14:00:00+01:00,279.58154296875,627215.125,1.0
2024-03-15 15:00:00+01:00,279.44696044921875,530577.75,1.0
2024-03-15 16:00:00+01:00,278.7131652832031,162973.6875,0.999779224395752
2024-03-15 17:00:00+01:00,277.9307861328125,91952.8125,0.9996219873428345
2024-03-15 18:00:00+01:00,277.1829528808594,20678.6875,0.9989238977432251
2024-03-15 19:00:00+01:00,276.8114318847656,704.0,1.0
2024-03-15 20:00:00+01:00,276.5935363769531,0.0,1.0
2024-03-15 21:00:00+01:00,276.1653137207031,0.0,1.0
2024-03-15 22:00:00+01:00,275.8458251953125,0.0,1.0
2024-03-15 23:00:00+01:00,275.55108642578125,0.0,1.0
2024-03-16 00:00:00+01:00,275.166015625,0.0,1.0
2024-03-16 01:00:00+01:00,274.888427734375,5.643133182964277e-11,1.0
2024-03-16 02:00:00+01:00,274.6815490722656,5.660058532974688e-11,1.0
2024-03-16 03:00:00+01:00,274.346435546875,5.655496904122259e-11,1.0
2024-03-16 04:00:00+01:00,274.2569885253906,-1.1309881503551722e-10,1.0
2024-03-16 05:00:00+01:00,274.01165771484375,0.0,0.9999694228172302
2024-03-16 06:00:00+01:00,273.7931213378906,0.0,0.9911876916885376
2024-03-16 07:00:00+01:00,273.7093811035156,11968.0,0.9352246522903442
2024-03-16 08:00:00+01:00,274.19989013671875,205696.0,0.8596810102462769
2024-03-16 09:00:00+01:00,274.7077941894531,514448.9375,0.7392500638961792
2024-03-16 10:00:00+01:00,274.9071960449219,771716.0,0.6717402935028076
2024-03-16 11:00:00+01:00,275.65423583984375,1054608.125,0.40564388036727905
2024-03-16 12:00:00+01:00,276.20928955078125,1318588.25,0.6882133483886719
2024-03-16 13:00:00+01:00,276.9305419921875,1312630.5,0.8642929792404175
2024-03-16 14:00:00+01:00,277.0715026855469,1062103.25,0.704179584980011
2024-03-16 15:00:00+01:00,276.953857421875,947609.5,0.5404917001724243
2024-03-16 16:00:00+01:00,276.3861999511719,792241.5,0.6414434909820557
2024-03-16 17:00:00+01:00,275.8195495605469,387647.0,0.6625722646713257
2024-03-16 18:00:00+01:00,275.04974365234375,202327.0,0.10430608689785004
2024-03-16 19:00:00+01:00,273.84271240234375,8384.0,0.022422228008508682
2024-03-16 20:00:00+01:00,272.4359130859375,0.0,0.027011893689632416
2024-03-16 21:00:00+01:00,271.5626220703125,0.0,0.00785757228732109
2024-03-16 22:00:00+01:00,271.3768310546875,0.0,0.14512276649475098
2024-03-16 23:00:00+01:00,270.99688720703125,0.0,0.02434515953063965
2024-03-17 00:00:00+01:00,270.5648193359375,0.0,0.0
2024-03-17 01:00:00+01:00,270.0288391113281,5.122562790615959e-11,0.0
2024-03-17 02:00:00+01:00,269.5260314941406,5.122531565593391e-11,0.0
2024-03-17 03:00:00+01:00,269.0785217285156,5.120152912763132e-11,0.00858437828719616
2024-03-17 04:00:00+01:00,268.86456298828125,-1.024534207472172e-10,0.10081642866134644
2024-03-17 05:00:00+01:00,268.526123046875,0.0,0.038093362003564835
2024-03-17 06:00:00+01:00,268.2703857421875,0.0,0.0021758279763162136
2024-03-17 07:00:00+01:00,267.9107666015625,21152.0,0.1889331340789795
2024-03-17 08:00:00+01:00,268.362548828125,277728.0,0.06538555771112442
2024-03-17 09:00:00+01:00,270.0296325683594,670821.6875,0.14969561994075775
2024-03-17 10:00:00+01:00,271.9201965332031,1052833.75,0.272039532661438
2024-03-17 11:00:00+01:00,274.3388671875,1311959.0,0.7000826597213745
2024-03-17 12:00:00+01:00,275.9748840332031,1403028.0,0.5925757884979248
2024-03-17 13:00:00+01:00,277.82684326171875,1091175.75,0.9443231821060181
2024-03-17 14:00:00+01:00,278.7532653808594,1104423.5,0.9533706903457642
2024-03-17 15:00:00+01:00,279.1220703125,1010048.5,0.8919385671615601
2024-03-17 16:00:00+01:00,278.8117980957031,701372.125,0.9925495982170105
2024-03-17 17:00:00+01:00,278.54010009765625,427262.5,0.9826960563659668
2024-03-17 18:00:00+01:00,277.83612060546875,165154.5,0.9412169456481934
2024-03-17 19:00:00+01:00,277.0264587402344,9344.0,0.9642848968505859
2024-03-17 20:00:00+01:00,276.40631103515625,0.0,0.9921126365661621
2024-03-17 21:00:00+01:00,276.4115905761719,0.0,0.9839375019073486
2024-03-17 22:00:00+01:00,276.5482177734375,0.0,0.3179078996181488
2024-03-17 23:00:00+01:00,276.3735046386719,0.0,0.251249760389328
2024-03-18 00:00:00+01:00,275.8139953613281,0.0,0.2500234544277191
2024-03-18 01:00:00+01:00,275.17205810546875,5.069072245289519e-11,0.1051410436630249
2024-03-18 02:00:00+01:00,274.49761962890625,5.068558073251239e-11,0.04390677064657211
2024-03-18 03:00:00+01:00,274.0505065917969,5.071575104320658e-11,0.015901338309049606
2024-03-18 04:00:00+01:00,274.4612121582031,-1.0138349881838593e-10,0.07672646641731262
2024-03-18 05:00:00+01:00,274.8200378417969,0.0,0.0
2024-03-18 06:00:00+01:00,275.12225341796875,0.0,0.0
2024-03-18 07:00:00+01:00,275.1902770996094,26976.0,0.821320652961731
2024-03-18 08:00:00+01:00,275.50341796875,302688.0,0.7940876483917236
2024-03-18 09:00:00+01:00,276.2685546875,688002.1875,0.7769941091537476
2024-03-18 10:00:00+01:00,278.0743713378906,1051641.5,0.45529985427856445
2024-03-18 11:00:00+01:00,278.61016845703125,1348610.25,0.15042716264724731
2024-03-18 12:00:00+01:00,279.50115966796875,1542835.25,0.09926290810108185
2024-03-18 13:00:00+01:00,280.67193603515625,1601872.0,0.06896811723709106
2024-03-18 14:00:00+01:00,281.40679931640625,1532046.0,0.10346182435750961
2024-03-18 15:00:00+01:00,281.48291015625,1321498.5,0.19181928038597107
2024-03-18 16:00:00+01:00,282.2308349609375,1026591.75,0.41964131593704224
2024-03-18 17:00:00+01:00,281.29766845703125,441335.75,0.5907391309738159
2024-03-18 18:00:00+01:00,280.04766845703125,156465.5,0.7428758144378662
2024-03-18 19:00:00+01:00,278.810791015625,12064.0,0.9433165788650513
2024-03-18 20:00:00+01:00,278.6103515625,0.0,0.9616471529006958
2024-03-18 21:00:00+01:00,278.02325439453125,0.0,0.973828911781311
2024-03-18 22:00:00+01:00,277.9169921875,0.0,0.3651149272918701
2024-03-18 23:00:00+01:00,277.3697814941406,0.0,0.9220987558364868
2024-03-19 00:00:00+01:00,276.7866516113281,0.0,0.665864109992981
2024-03-19 01:00:00+01:00,276.5893249511719,5.069685643510624e-11,0.5744257569313049
2024-03-19 02:00:00+01:00,276.4356994628906,5.069510089494855e-11,0.048319097608327866
2024-03-19 03:00:00+01:00,274.7702331542969,5.074177189534623e-11,0.00018170427938457578
2024-03-19 04:00:00+01:00,274.32318115234375,-1.0139029199551786e-10,0.04179658740758896
2024-03-19 05:00:00+01:00,274.15240478515625,0.0,0.0
2024-03-19 06:00:00+01:00,274.2297668457031,0.0,0.10809864103794098
2024-03-19 07:00:00+01:00,274.6142272949219,33792.0,0.906354546546936
2024-03-19 08:00:00+01:00,275.20465087890625,317120.0,0.8224126100540161
2024-03-19 09:00:00+01:00,276.6219177246094,702001.375,0.5726664066314697
2024-03-19 10:00:00+01:00,278.4722595214844,1060533.5,0.2573476731777191
2024-03-19 11:00:00+01:00,281.25732421875,1316045.25,0.24431860446929932
2024-03-19 12:00:00+01:00,282.09832763671875,1532564.0,0.510893702507019
2024-03-19 13:00:00+01:00,283.3398742675781,1456166.25,0.4873882532119751
2024-03-19 14:00:00+01:00,284.2554016113281,1257300.5,0.6549471616744995
2024-03-19 15:00:00+01:00,283.5826416015625,1197058.5,0.6433561444282532
2024-03-19 16:00:00+01:00,282.66033935546875,824264.25,0.8134945034980774
2024-03-19 17:00:00+01:00,281.4505310058594,455548.75,0.8865185976028442
2024-03-19 18:00:00+01:00,280.814453125,243089.0,0.8218408823013306
2024-03-19 19:00:00+01:00,280.3566589355469,18208.0,0.9993661642074585
2024-03-19 20:00:00+01:00,279.9765625,0.0,1.0
2024-03-19 21:00:00+01:00,279.58526611328125,0.0,0.9990384578704834
2024-03-19 22:00:00+01:00,278.9461669921875,0.0,0.9997056722640991
2024-03-19 23:00:00+01:00,278.8130798339844,0.0,0.9974459409713745
2024-03-20 00:00:00+01:00,278.520751953125,0.0,0.9581971168518066
2024-03-20 01:00:00+01:00,278.356201171875,5.068558073251239e-11,0.9985150098800659
2024-03-20 02:00:00+01:00,278.0091857910156,5.073856612636263e-11,0.9950637817382812
2024-03-20 03:00:00+01:00,277.7157287597656,5.0655854511028053e-11,1.0
2024-03-20 04:00:00+01:00,277.6988525390625,-1.0123255012040033e-10,1.0
2024-03-20 05:00:00+01:00,277.6368408203125,0.0,1.0
2024-03-20 06:00:00+01:00,277.6370849609375,0.0,1.0
2024-03-20 07:00:00+01:00,277.60589599609375,10720.0,1.0
2024-03-20 08:00:00+01:00,277.8191833496094,127648.0,0.8063912391662598
2024-03-20 09:00:00+01:00,277.9678955078125,266161.15625,0.918955385684967
2024-03-20 10:00:00+01:00,278.9044189453125,708574.75,0.8269549608230591
2024-03-20 11:00:00+01:00,279.8437805175781,896223.625,0.8899579048156738
2024-03-20 12:00:00+01:00,280.8598937988281,694599.0,1.0
2024-03-20 13:00:00+01:00,280.1382141113281,1208882.625,0.9689545035362244
2024-03-20 14:00:00+01:00,281.0665283203125,1086809.0,0.9888168573379517
2024-03-20 15:00:00+01:00,281.07818603515625,536150.5,0.9246407151222229
2024-03-20 16:00:00+01:00,281.38232421875,497238.25,0.9778445959091187
2024-03-20 17:00:00+01:00,280.3170471191406,274020.75,1.0
2024-03-20 18:00:00+01:00,279.2700500488281,144568.75,0.9919633865356445
2024-03-20 19:00:00+01:00,278.6120300292969,17920.0,0.9605543613433838
2024-03-20 20:00:00+01:00,278.0660095214844,0.0,1.0
2024-03-20 21:00:00+01:00,277.40399169921875,0.0,1.0
2024-03-20 22:00:00+01:00,276.987548828125,0.0,0.9979087114334106
2024-03-20 23:00:00+01:00,276.63262939453125,0.0,0.9977186322212219
2024-03-21 00:00:00+01:00,276.464111328125,0.0,0.9986591339111328
2024-03-21 01:00:00+01:00,276.2110900878906,5.0625011127625186e-11,0.9952791929244995
2024-03-21 02:00:00+01:00,276.0913391113281,5.0882159596810084e-11,0.9900665283203125
2024-03-21 03:00:00+01:00,276.045166015625,5.0756676639451825e-11,0.9579417705535889
2024-03-21 04:00:00+01:00,276.117431640625,-1.0186126941924556e-10,0.9473747611045837
2024-03-21 05:00:00+01:00,276.0198974609375,0.0,0.8922282457351685
2024-03-21 06:00:00+01:00,275.5718688964844,0.0,0.9539557099342346
2024-03-21 07:00:00+01:00,274.5519104003906,33184.0,0.3875911831855774
2024-03-21 08:00:00+01:00,274.7867126464844,289056.0,0.026666369289159775
2024-03-21 09:00:00+01:00,276.2164306640625,771429.625,0.2731151580810547
2024-03-21 10:00:00+01:00,277.97125244140625,1119262.0,0.5141298174858093
2024-03-21 11:00:00+01:00,279.6699523925781,1210098.75,0.7862759232521057
2024-03-21 12:00:00+01:00,280.89453125,1089172.25,0.9871658086776733
2024-03-21 13:00:00+01:00,281.4115295410156,873765.75,0.9995232820510864
2024-03-21 14:00:00+01:00,281.93255615234375,809867.25,0.9796322584152222
2024-03-21 15:00:00+01:00,281.7599792480469,589020.25,0.9996951222419739
2024-03-21 16:00:00+01:00,281.2849426269531,308741.75,0.9993959069252014
2024-03-21 17:00:00+01:00,280.84893798828125,116972.25,0.9999778270721436
2024-03-21 18:00:00+01:00,278.74688720703125,33362.375,0.9999535083770752
2024-03-21 19:00:00+01:00,277.9710693359375,3008.0,1.0
2024-03-21 20:00:00+01:00,276.6518859863281,0.0,1.0
2024-03-21 21:00:00+01:00,277.2726135253906,0.0,0.8841565251350403
2024-03-21 22:00:00+01:00,278.10693359375,0.0,1.0
2024-03-21 23:00:00+01:00,278.6927795410156,0.0,0.04080316796898842
2024-03-22 00:00:00+01:00,279.04791259765625,0.0,0.024893587455153465
2024-03-22 01:00:00+01:00,279.0908203125,5.101495614834306e-11,0.5424747467041016
2024-03-22 02:00:00+01:00,279.1001281738281,5.1061474493074854e-11,0.15359419584274292
2024-03-22 03:00:00+01:00,278.8923034667969,5.098020616767229e-11,0.5093083381652832
2024-03-22 04:00:00+01:00,278.3175048828125,-1.0197866162631186e-10,0.36873161792755127
2024-03-22 05:00:00+01:00,277.8840026855469,0.0,0.2286066710948944
2024-03-22 06:00:00+01:00,277.3224182128906,0.0,0.10947199165821075
2024-03-22 07:00:00+01:00,277.1376953125,29056.0,0.7270337343215942
2024-03-22 08:00:00+01:00,277.80926513671875,176384.0,0.998657763004303
2024-03-22 09:00:00+01:00,278.5977783203125,345869.0,0.690222978591919
2024-03-22 10:00:00+01:00,280.54278564453125,869825.625,0.7182838916778564
2024-03-22 11:00:00+01:00,281.95758056640625,1419313.875,0.6860807538032532
2024-03-22 12:00:00+01:00,281.9560241699219,1099281.5,1.0
2024-03-22 13:00:00+01:00,282.5283508300781,944489.75,0.8268014192581177
2024-03-22 14:00:00+01:00,281.9030456542969,813005.5,0.8468343615531921
2024-03-22 15:00:00+01:00,282.46966552734375,595403.25,0.8918376564979553
2024-03-22 16:00:00+01:00,281.5574035644531,373256.25,0.8131112456321716
2024-03-22 17:00:00+01:00,280.9974060058594,260849.0,0.8028396964073181
2024-03-22 18:00:00+01:00,280.17315673828125,186208.5,0.6769351959228516
2024-03-22 19:00:00+01:00,278.36468505859375,37760.0,0.33010047674179077
2024-03-22 20:00:00+01:00,277.2349548339844,0.0,0.2698770761489868
2024-03-22 21:00:00+01:00,274.7920837402344,0.0,0.29705023765563965
2024-03-22 22:00:00+01:00,275.351806640625,0.0,0.22622966766357422
2024-03-22 23:00:00+01:00,274.43341064453125,0.0,0.08783139288425446
2024-03-23 00:00:00+01:00,272.9532775878906,0.0,0.0020166405010968447
2024-03-23 01:00:00+01:00,272.59259033203125,5.101351285841105e-11,0.47599613666534424
2024-03-23 02:00:00+01:00,272.0690612792969,5.10040204515505e-11,0.3094690442085266
2024-03-23 03:00:00+01:00,271.6198425292969,5.0978665733225625e-11,0.6326006054878235
2024-03-23 04:00:00+01:00,271.47418212890625,-1.0198102085023919e-10,0.8210342526435852
2024-03-23 05:00:00+01:00,271.3172912597656,0.0,0.5655770301818848
2024-03-23 06:00:00+01:00,271.361083984375,0.0,0.5789757966995239
2024-03-23 07:00:00+01:00,271.5223388671875,58400.0,0.7903661131858826
2024-03-23 08:00:00+01:00,272.7200927734375,343584.0,0.7929590940475464
2024-03-23 09:00:00+01:00,275.1140441894531,635291.125,0.8114288449287415
2024-03-23 10:00:00+01:00,277.3315124511719,1106770.875,0.6009164452552795
2024-03-23 11:00:00+01:00,279.3902587890625,1467929.5,0.2442183643579483
2024-03-23 12:00:00+01:00,280.33331298828125,1654556.5,0.2974185347557068
2024-03-23 13:00:00+01:00,281.71966552734375,1675638.25,0.32894134521484375
2024-03-23 14:00:00+01:00,281.96728515625,1452580.5,0.6100965738296509
2024-03-23 15:00:00+01:00,282.2761535644531,1096075.0,0.6552430987358093
2024-03-23 16:00:00+01:00,282.7600402832031,937175.0,0.47525355219841003
2024-03-23 17:00:00+01:00,282.1383361816406,681882.5,0.5880507230758667
2024-03-23 18:00:00+01:00,280.2109680175781,334376.5,0.489281564950943
2024-03-23 19:00:00+01:00,278.3141784667969,42368.0,0.3711402118206024
2024-03-23 20:00:00+01:00,277.1553039550781,0.0,0.5932809710502625
2024-03-23 21:00:00+01:00,276.204833984375,0.0,0.7294632792472839
2024-03-23 22:00:00+01:00,275.1282043457031,0.0,0.6466326713562012
2024-03-23 23:00:00+01:00,274.3144226074219,0.0,0.5183432102203369
2024-03-24 00:00:00+01:00,273.5872802734375,0.0,0.20996016263961792
2024-03-24 01:00:00+01:00,273.0345153808594,5.099021899157563e-11,0.16878555715084076
2024-03-24 02:00:00+01:00,272.67974853515625,5.101326305823051e-11,0.3026474714279175
2024-03-24 03:00:00+01:00,272.0149841308594,5.0999746092905696e-11,0.2298305630683899
2024-03-24 04:00:00+01:00,271.5102844238281,-1.0198274169592736e-10,0.862060546875
2024-03-24 05:00:00+01:00,271.3546142578125,0.0,0.8643373250961304
2024-03-24 06:00:00+01:00,271.4891662597656,0.0,0.5912048816680908
2024-03-24 07:00:00+01:00,271.944580078125,67328.0,1.0
2024-03-24 08:00:00+01:00,273.0487976074219,222855.0,1.0
2024-03-24 09:00:00+01:00,274.118896484375,273281.375,1.0
2024-03-24 10:00:00+01:00,274.1053161621094,318342.0625,0.9964263439178467
2024-03-24 11:00:00+01:00,275.6388854980469,491347.5,1.0
2024-03-24 12:00:00+01:00,276.7945251464844,1249711.125,1.0
2024-03-24 13:00:00+01:00,278.3445739746094,915728.375,0.8799813985824585
2024-03-24 14:00:00+01:00,278.67919921875,567252.0,0.9470865726470947
2024-03-24 15:00:00+01:00,277.7997741699219,499914.5,1.0
2024-03-24 16:00:00+01:00,277.9098205566406,516435.5,1.0
2024-03-24 17:00:00+01:00,277.65911865234375,638051.375,0.6676861047744751
2024-03-24 18:00:00+01:00,277.2467956542969,389105.5,0.4950982332229614
2024-03-24 19:00:00+01:00,276.1437683105469,59456.0,0.42950695753097534
2024-03-24 20:00:00+01:00,275.20843505859375,0.0,0.002931240014731884
2024-03-24 21:00:00+01:00,274.6574401855469,0.0,0.018313787877559662
2024-03-24 22:00:00+01:00,274.4853515625,0.0,0.4533920884132385
2024-03-24 23:00:00+01:00,274.3135986328125,0.0,0.6189338564872742
2024-03-25 00:00:00+01:00,273.6164855957031,0.0,0.5447325706481934
2024-03-25 01:00:00+01:00,273.1249084472656,5.1003652690173595e-11,0.957168459892273
2024-03-25 02:00:00+01:00,272.862548828125,5.103328870603718e-11,0.9457648992538452
2024-03-25 03:00:00+01:00,272.1778564453125,5.1033982595427574e-11,0.9764724969863892
2024-03-25 04:00:00+01:00,271.7271423339844,-1.0209499218261087e-10,0.893585741519928
2024-03-25 05:00:00+01:00,271.68292236328125,0.0,0.4901140034198761
2024-03-25 06:00:00+01:00,272.14892578125,0.0,0.9909561276435852
2024-03-25 07:00:00+01:00,271.949462890625,55072.0,0.5633575916290283
2024-03-25 08:00:00+01:00,272.4219665527344,359800.0,0.24755874276161194
2024-03-25 09:00:00+01:00,273.2979431152344,842506.625,0.20251484215259552
2024-03-25 10:00:00+01:00,274.8008117675781,1240271.375,0.16445839405059814
2024-03-25 11:00:00+01:00,275.8836669921875,1603919.75,0.4916262626647949
2024-03-25 12:00:00+01:00,275.5689697265625,1779668.75,0.7143188714981079
2024-03-25 13:00:00+01:00,276.8202819824219,1748215.25,0.7170480489730835
2024-03-25 14:00:00+01:00,276.8109130859375,1662055.5,0.685427188873291
2024-03-25 15:00:00+01:00,277.2116394042969,1452952.0,0.67436283826828
2024-03-25 16:00:00+01:00,276.6496887207031,1177399.0,0.6930643320083618
2024-03-25 17:00:00+01:00,275.86553955078125,833865.0,0.6996296644210815
2024-03-25 18:00:00+01:00,275.1260986328125,405489.0,0.6755983233451843
2024-03-25 19:00:00+01:00,274.2284240722656,62912.0,0.8124456405639648
2024-03-25 20:00:00+01:00,273.334716796875,0.0,0.0003756984369829297
2024-03-25 21:00:00+01:00,272.6265563964844,0.0,0.015246675349771976
2024-03-25 22:00:00+01:00,271.763916015625,0.0,0.13117924332618713
2024-03-25 23:00:00+01:00,271.1525573730469,0.0,0.08199843764305115
2024-03-26 00:00:00+01:00,270.5037841796875,0.0,0.014752009883522987
2024-03-26 01:00:00+01:00,270.023681640625,5.102804984113973e-11,0.12274215370416641
2024-03-26 02:00:00+01:00,268.74554443359375,5.102275546509105e-11,0.6101459860801697
2024-03-26 03:00:00+01:00,269.1560363769531,5.101470634816252e-11,0.3722004294395447
2024-03-26 04:00:00+01:00,268.79595947265625,-1.0205550293740373e-10,0.07610896974802017
2024-03-26 05:00:00+01:00,268.4617919921875,0.0,9.332605986855924e-05
2024-03-26 06:00:00+01:00,267.83575439453125,0.0,0.0810367614030838
2024-03-26 07:00:00+01:00,267.6280517578125,127744.0,0.1307714879512787
2024-03-26 08:00:00+01:00,268.8941345214844,499854.75,0.1303621232509613
2024-03-26 09:00:00+01:00,270.5885925292969,910934.125,0.13963747024536133
2024-03-26 10:00:00+01:00,272.64642333984375,1324708.75,0.07831498980522156
2024-03-26 11:00:00+01:00,274.076416015625,1623511.25,0.10047513246536255
2024-03-26 12:00:00+01:00,275.9007263183594,1808349.5,0.09737300872802734
2024-03-26 13:00:00+01:00,276.9298400878906,1814352.75,0.22969087958335876
2024-03-26 14:00:00+01:00,277.4730529785156,1593740.0,0.3721579909324646
2024-03-26 15:00:00+01:00,278.11993408203125,1237134.0,0.02282286435365677
2024-03-26 16:00:00+01:00,278.1440124511719,1250302.25,0.12817488610744476
2024-03-26 17:00:00+01:00,277.7330627441406,868214.5,0.1186639815568924
2024-03-26 18:00:00+01:00,276.9149169921875,440545.0,0.1135411411523819
2024-03-26 19:00:00+01:00,275.3468933105469,80640.0,0.23617768287658691
2024-03-26 20:00:00+01:00,274.50689697265625,-64.0,0.2144145369529724
2024-03-26 21:00:00+01:00,273.6669006347656,0.0,0.5136216282844543
2024-03-26 22:00:00+01:00,273.402099609375,0.0,0.7695268988609314
2024-03-26 23:00:00+01:00,273.1436462402344,0.0,0.9770181179046631
2024-03-27 00:00:00+01:00,273.0939025878906,0.0,0.9998888969421387
2024-03-27 01:00:00+01:00,273.4042663574219,5.103021477603775e-11,1.0
2024-03-27 02:00:00+01:00,273.6161804199219,5.100328492879669e-11,0.9989091753959656
2024-03-27 03:00:00+01:00,273.5313415527344,-2.0411654311214278e-10,0.999995231628418
2024-03-27 04:00:00+01:00,274.8185119628906,0.0,0.9999750852584839
2024-03-27 05:00:00+01:00,273.8154296875,0.0,0.9998739957809448
2024-03-27 06:00:00+01:00,273.3996276855469,0.0,0.7108557224273682
2024-03-27 07:00:00+01:00,273.112548828125,116704.0,0.5497174859046936
2024-03-27 08:00:00+01:00,276.9985046386719,416470.0625,0.6436829566955566
2024-03-27 09:00:00+01:00,276.46881103515625,855389.9375,0.16682028770446777
2024-03-27 10:00:00+01:00,278.5583190917969,1346143.875,0.14143778383731842
2024-03-27 11:00:00+01:00,279.9165954589844,1630753.75,0.3037595748901367
2024-03-27 12:00:00+01:00,282.323486328125,1799641.0,0.38512754440307617
2024-03-27 13:00:00+01:00,282.3072509765625,1729446.0,0.5281996726989746
2024-03-27 14:00:00+01:00,283.4250183105469,1620705.0,0.7143324613571167
2024-03-27 15:00:00+01:00,282.8701477050781,1439253.5,0.4009723365306854
2024-03-27 16:00:00+01:00,282.37933349609375,999979.0,0.9783836603164673
2024-03-27 17:00:00+01:00,282.059326171875,487467.5,1.0
2024-03-27 18:00:00+01:00,281.1574401855469,189634.0,0.995212972164154
2024-03-27 19:00:00+01:00,280.35186767578125,43297.875,1.0
2024-03-27 20:00:00+01:00,279.7315368652344,19.25,0.9999071955680847
2024-03-27 21:00:00+01:00,278.8663635253906,6.1875,0.18393723666667938
2024-03-27 22:00:00+01:00,278.39599609375,0.0,0.12179930508136749
2024-03-27 23:00:00+01:00,277.2049865722656,0.0,0.9710571765899658
2024-03-28 00:00:00+01:00,276.37017822265625,0.0,0.9515807628631592
2024-03-28 01:00:00+01:00,275.8994445800781,0.0,0.9986199140548706
2024-03-28 02:00:00+01:00,276.16693115234375,0.0,0.9999602437019348
2024-03-28 03:00:00+01:00,275.9312438964844,0.0,0.9994268417358398
2024-03-28 04:00:00+01:00,275.9354248046875,0.0,0.9991927146911621
2024-03-28 05:00:00+01:00,276.0997619628906,0.0,0.9904711842536926
2024-03-28 06:00:00+01:00,275.5897216796875,96.0,0.832822322845459
2024-03-28 07:00:00+01:00,276.0804138183594,123136.0,0.859290361404419
2024-03-28 08:00:00+01:00,276.97308349609375,433427.625,0.9446479082107544
2024-03-28 09:00:00+01:00,278.34564208984375,806749.125,0.9827286601066589
2024-03-28 10:00:00+01:00,280.4543762207031,1158563.75,0.8222813606262207
2024-03-28 11:00:00+01:00,280.6457214355469,1330659.25,0.74825119972229
2024-03-28 12:00:00+01:00,281.1863708496094,1264536.25,0.66224205493927
2024-03-28 13:00:00+01:00,282.3821105957031,1367701.0,0.5065757632255554
2024-03-28 14:00:00+01:00,283.1778564453125,1353004.25,0.46706587076187134
2024-03-28 15:00:00+01:00,284.8783264160156,1432148.0,0.39551031589508057
2024-03-28 16:00:00+01:00,283.264404296875,923353.25,0.8108285069465637
2024-03-28 17:00:00+01:00,283.4928894042969,477260.5,0.8819504976272583
2024-03-28 18:00:00+01:00,283.2384338378906,130900.5,0.8903351426124573
2024-03-28 19:00:00+01:00,282.02862548828125,41501.25,0.8778953552246094
2024-03-28 20:00:00+01:00,280.86346435546875,3.25,0.7592287063598633
2024-03-28 21:00:00+01:00,280.61663818359375,-3.0625,0.9460939168930054
2024-03-28 22:00:00+01:00,279.87115478515625,0.0,0.9948358535766602
2024-03-28 23:00:00+01:00,279.7893371582031,0.0,1.0
2024-03-29 00:00:00+01:00,279.04669189453125,0.0,1.0
2024-03-29 01:00:00+01:00,279.7181396484375,5.0945102303412426e-11,1.0
2024-03-29 02:00:00+01:00,279.32061767578125,5.0924181538292146e-11,1.0
2024-03-29 03:00:00+01:00,279.317626953125,-2.0372188658246415e-10,1.0
2024-03-29 04:00:00+01:00,279.15911865234375,0.0,1.0
2024-03-29 05:00:00+01:00,278.9933166503906,0.0,1.0
2024-03-29 06:00:00+01:00,278.3448791503906,96.0,0.9997600317001343
2024-03-29 07:00:00+01:00,277.992431640625,19360.0,0.9997475743293762
2024-03-29 08:00:00+01:00,277.9688415527344,53070.2109375,1.0
2024-03-29 09:00:00+01:00,278.38848876953125,86093.0390625,0.9947487115859985
2024-03-29 10:00:00+01:00,279.05828857421875,157698.9375,0.9997084736824036
2024-03-29 11:00:00+01:00,280.033447265625,281234.90625,0.9991534948348999
2024-03-29 12:00:00+01:00,280.894287109375,479693.375,1.0
2024-03-29 13:00:00+01:00,281.34771728515625,532935.5,0.9999510645866394
2024-03-29 14:00:00+01:00,281.0237731933594,339265.75,0.9974836707115173
2024-03-29 15:00:00+01:00,281.5968933105469,308029.75,0.9996311068534851
2024-03-29 16:00:00+01:00,282.23272705078125,461108.53125,0.9936104416847229
2024-03-29 17:00:00+01:00,281.5907287597656,347887.6875,0.999995231628418
2024-03-29 18:00:00+01:00,280.8898010253906,221579.375,0.9861701726913452
2024-03-29 19:00:00+01:00,279.87738037109375,61553.625,1.0
2024-03-29 20:00:00+01:00,278.7080383300781,41.6875,0.9997424483299255
2024-03-29 21:00:00+01:00,278.33148193359375,-17.4375,1.0
2024-03-29 22:00:00+01:00,277.7265930175781,0.0,0.9398704767227173
2024-03-29 23:00:00+01:00,276.7714538574219,0.0,0.7413372993469238
2024-03-30 00:00:00+01:00,275.944091796875,0.0,0.30979302525520325
2024-03-30 01:00:00+01:00,275.1600646972656,5.1003104517555187e-11,0.4126303195953369
2024-03-30 02:00:00+01:00,274.4684753417969,5.104917877307713e-11,0.053187597543001175
2024-03-30 03:00:00+01:00,273.8591003417969,-2.0399680555893696e-10,0.00034368952037766576
2024-03-30 04:00:00+01:00,273.1869812011719,0.0,0.7354709506034851
2024-03-30 05:00:00+01:00,273.16717529296875,0.0,0.9995596408843994
2024-03-30 06:00:00+01:00,273.3588562011719,928.0,0.9225134253501892
2024-03-30 07:00:00+01:00,273.9402770996094,99168.0,0.931344747543335
2024-03-30 08:00:00+01:00,275.7384033203125,262318.71875,0.7088808417320251
2024-03-30 09:00:00+01:00,277.1900329589844,498522.21875,0.12935809791088104
2024-03-30 10:00:00+01:00,279.0447692871094,999734.75,0.27528098225593567
2024-03-30 11:00:00+01:00,279.4603271484375,1580975.625,0.30870571732521057
2024-03-30 12:00:00+01:00,281.70458984375,1775129.0,0.016484731808304787
2024-03-30 13:00:00+01:00,282.4696044921875,1841734.5,0.13591255247592926
2024-03-30 14:00:00+01:00,282.58544921875,1785303.5,0.14678236842155457
2024-03-30 15:00:00+01:00,283.1756286621094,1583798.5,0.3494423031806946
2024-03-30 16:00:00+01:00,283.363037109375,1275174.5,0.14440923929214478
2024-03-30 17:00:00+01:00,282.9461364746094,898750.5,0.23748335242271423
2024-03-30 18:00:00+01:00,282.37664794921875,486623.0,0.2008252739906311
2024-03-30 19:00:00+01:00,280.7631530761719,112075.625,0.1384333074092865
2024-03-30 20:00:00+01:00,279.4595642089844,-37.125,0.23661139607429504
2024-03-30 21:00:00+01:00,279.0832824707031,1.375,0.22754833102226257
2024-03-30 22:00:00+01:00,279.5087585449219,0.0,0.2653605341911316
2024-03-30 23:00:00+01:00,278.8868103027344,0.0,0.632392406463623
2024-03-31 00:00:00+01:00,278.1988830566406,0.0,0.5432282090187073
2024-03-31 01:00:00+01:00,277.6422424316406,5.095408123212408e-11,0.4122591018676758
2024-03-31 03:00:00+02:00,276.8467712402344,5.102027134107345e-11,0.126717209815979
