,Ti,Te,phi_h,Rie,Rea,Ci,Ce,Ai,alpha_int,v1,y1,Ta,phi_s,phi_int,P0_scale
2025-02-13 23:30:00+01:00,295.46649803309333,295.4367089841724,0.0,1.1183124321909974e-05,0.056272321643454484,3215577.323293547,8863984.89924072,3.7826652287527693,0.9646257232261088,-0.1820526915442942,295.64855072463763,267.65144444444445,0.0,41.27,0.21428571428571427
2025-02-13 23:45:00+01:00,295.3938818832737,295.4169776598713,0.0,1.1183124321909974e-05,0.056272321643454484,3215577.323293547,8863984.89924072,3.7826652287527693,0.9646257232261088,-0.21800700561516437,295.61188888888887,267.4903333333333,0.0,40.73777777777778,0.21428571428571427
2025-02-14 00:00:00+01:00,295.39437626321967,295.3704410733439,0.0,1.1183124321909974e-05,0.056272321643454484,3215577.323293547,8863984.89924072,3.7826652287527693,0.9646257232261088,-0.1526237367803078,295.54699999999997,267.5424444444444,0.0,40.69111111111111,0.21428571428571427
2025-02-14 00:15:00+01:00,295.32977586595854,295.347670824346,0.0,1.1183124321909974e-05,0.056272321643454484,3215577.323293547,8863984.89924072,3.7826652287527693,0.9646257232261088,-0.13733524515255682,295.4671111111111,267.4505555555555,0.0,40.812222222222225,0.21428571428571427
2025-02-14 00:30:00+01:00,295.32310174396406,295.3037929199986,0.0,1.1183124321909974e-05,0.056272321643454484,3215577.323293547,8863984.89924072,3.7826652287527693,0.9646257232261088,-0.12689825603595617,295.45,267.34233333333333,0.0,41.352222222222224,0.21428571428571427
2025-02-14 00:45:00+01:00,295.264804304365,295.2785623124961,0.0,1.1183124321909974e-05,0.056272321643454484,3215577.323293547,8863984.89924072,3.7826652287527693,0.9646257232261088,-0.13619569563494272,295.40099999999995,267.0472222222222,0.0,41.16222222222222,0.21428571428571427
2025-02-14 01:00:00+01:00,295.2520050453002,295.236336151076,0.0,1.1183124321909974e-05,0.056272321643454484,3215577.323293547,8863984.89924072,3.7826652287527693,0.9646257232261088,-0.10021717692201292,295.3522222222222,266.84855555555555,0.0,41.05777777777778,0.21428571428571427
2025-02-14 01:15:00+01:00,295.198197600277,295.20868083378383,0.0,1.1183124321909974e-05,0.056272321643454484,3215577.323293547,8863984.89924072,3.7826652287527693,0.9646257232261088,-0.11658017750074731,295.31477777777775,266.7471111111111,0.0,41.25555555555555,0.21428571428571427
2025-02-14 01:30:00+01:00,295.18057744162377,295.16779606275594,0.0,1.1183124321909974e-05,0.056272321643454484,3215577.323293547,8863984.89924072,3.7826652287527693,0.9646257232261088,-0.0714225583761823,295.25199999999995,266.68766666666664,0.0,41.24111111111111,0.21428571428571427
2025-02-14 01:45:00+01:00,295.13067364989917,295.13857735963796,0.0,1.1183124321909974e-05,0.056272321643454484,3215577.323293547,8863984.89924072,3.7826652287527693,0.9646257232261088,-0.10599301676745136,295.2366666666666,266.4872222222222,0.0,41.18888888888889,0.21428571428571427
2025-02-14 02:00:00+01:00,295.10923394291245,295.09872830009283,0.0,1.1183124321909974e-05,0.056272321643454484,3215577.323293547,8863984.89924072,3.7826652287527693,0.9646257232261088,-0.05343272375423315,295.16266666666667,266.26099999999997,0.0,41.035555555555554,0.21428571428571427
2025-02-14 02:15:00+01:00,295.06202177576375,295.06786927624034,0.0,1.1183124321909974e-05,0.056272321643454484,3215577.323293547,8863984.89924072,3.7826652287527693,0.9646257232261088,-0.042644890902854636,295.1046666666666,266.1668888888889,0.0,41.38666666666666,0.21428571428571427
2025-02-14 02:30:00+01:00,295.0374352663431,295.02873009983415,0.0,1.1183124321909974e-05,0.056272321643454484,3215577.323293547,8863984.89924072,3.7826652287527693,0.9646257232261088,-0.013342511434656822,295.05077777777774,266.25,0.0,41.13111111111111,0.21428571428571427
2025-02-14 02:45:00+01:00,294.9928013312226,294.9970523243092,0.0,1.1183124321909974e-05,0.056272321643454484,3215577.323293547,8863984.89924072,3.7826652287527693,0.9646257232261088,-0.032198668777383845,295.025,266.25,0.0,41.205555555555556,0.21428571428571427
2025-02-14 03:00:00+01:00,294.9661784578926,294.9589109772444,0.0,1.1183124321909974e-05,0.056272321643454484,3215577.323293547,8863984.89924072,3.7826652287527693,0.9646257232261088,0.006734013448185803,294.95944444444444,266.21677777777774,0.0,41.14666666666667,0.21428571428571427
2025-02-14 03:15:00+01:00,294.92358507906584,294.9265611147117,0.0,1.1183124321909974e-05,0.056272321643454484,3215577.323293547,8863984.89924072,3.7826652287527693,0.9646257232261088,-0.022081587600794813,294.9456666666666,266.01655555555556,0.0,41.111111111111114,0.21428571428571427
2025-02-14 03:30:00+01:00,294.8949828346799,294.88883417449256,0.0,1.1183124321909974e-05,0.056272321643454484,3215577.323293547,8863984.89924072,3.7826652287527693,0.9646257232261088,0.014205056902149262,294.8807777777778,265.7831111111111,0.0,41.92111111111111,0.21428571428571427
2025-02-14 03:45:00+01:00,294.85355053303795,294.8554838230251,0.0,1.1183124321909974e-05,0.056272321643454484,3215577.323293547,8863984.89924072,3.7826652287527693,0.9646257232261088,0.004217199704615065,294.84933333333333,265.68188888888886,0.0,42.98111111111111,0.21428571428571427
2025-02-14 04:00:00+01:00,294.823327788033,294.8180520314155,0.0,1.1183124321909974e-05,0.056272321643454484,3215577.323293547,8863984.89924072,3.7826652287527693,0.9646257232261088,0.00832778803301023,294.815,265.6803333333333,0.0,42.27777777777778,0.21428571428571427
2025-02-14 04:15:00+01:00,294.7830954174755,294.7842439971507,0.0,1.1183124321909974e-05,0.056272321643454484,3215577.323293547,8863984.89924072,3.7826652287527693,0.9646257232261088,0.02998430636446674,294.7531111111111,265.78388888888884,0.0,41.41111111111111,0.21428571428571427
2025-02-14 04:30:00+01:00,294.75187109893125,294.7473338881664,0.0,1.1183124321909974e-05,0.056272321643454484,3215577.323293547,8863984.89924072,3.7826652287527693,0.9646257232261088,0.00987109893126485,294.74199999999996,265.94822222222217,0.0,41.37,0.21428571428571427
2025-02-14 04:45:00+01:00,294.7130108526837,294.71355012045603,0.0,1.1183124321909974e-05,0.056272321643454484,3215577.323293547,8863984.89924072,3.7826652287527693,0.9646257232261088,0.03812196379482457,294.67488888888886,266.21955555555553,0.3844444444444444,41.08,0.21428571428571427
2025-02-14 05:00:00+01:00,294.6816719310238,294.6777094922402,0.0,1.1183124321909974e-05,0.056272321643454484,3215577.323293547,8863984.89924072,3.7826652287527693,0.9646257232261088,0.04300526435713647,294.63866666666667,266.49699999999996,0.6888888888888889,41.38111111111111,0.21428571428571427
2025-02-14 05:15:00+01:00,294.6446061827344,294.6446555571529,0.0,1.1183124321909974e-05,0.056272321643454484,3215577.323293547,8863984.89924072,3.7826652287527693,0.9646257232261088,0.07260618273436568,294.572,266.63366666666667,0.19555555555555557,41.361111111111114,0.21428571428571427
2025-02-14 05:30:00+01:00,294.61315358967346,294.6096818763578,14.422222222222224,1.1183124321909974e-05,0.056272321643454484,3215577.323293547,8863984.89924072,3.7826652287527693,0.9646257232261088,0.06448692300682872,294.54866666666663,266.81699999999995,0.04555555555555556,41.315555555555555,0.21428571428571427
2025-02-14 05:45:00+01:00,294.5782769284097,294.5777437826646,348.6,1.1183124321909974e-05,0.056272321643454484,3215577.323293547,8863984.89924072,3.7826652287527693,0.9646257232261088,0.04616581729862778,294.5321111111111,266.95,0.05555555555555555,41.39333333333333,0.21428571428571427
2025-02-14 06:00:00+01:00,294.5763760461456,294.5680626513272,850.9555555555555,1.1183124321909974e-05,0.056272321643454484,3215577.323293547,8863984.89924072,3.7826652287527693,0.9646257232261088,0.09859826836780543,294.47777777777776,267.034,0.2611111111111111,41.55,0.21428571428571427
2025-02-14 06:15:00+01:00,294.60700505534726,294.5978148437172,1549.111111111111,1.1183124321909974e-05,0.056272321643454484,3215577.323293547,8863984.89924072,3.7826652287527693,0.9646257232261088,0.10178283312509928,294.5052222222222,267.15,0.10666666666666667,41.35111111111111,0.21428571428571427
2025-02-14 06:30:00+01:00,294.6963879338064,294.67717188911683,1602.377777777778,1.1183124321909974e-05,0.056272321643454484,3215577.323293547,8863984.89924072,3.7826652287527693,0.9646257232261088,0.1449434893619887,294.5514444444444,267.15,0.005555555555555556,41.49111111111111,0.21428571428571427
2025-02-14 06:45:00+01:00,294.7763206635648,294.7651894342195,1841.6444444444444,1.1183124321909974e-05,0.056272321643454484,3215577.323293547,8863984.89924072,3.7826652287527693,0.9646257232261088,0.19509844134255697,294.5812222222222,267.24344444444444,0.2677777777777778,41.38666666666666,0.21428571428571427
2025-02-14 07:00:00+01:00,294.88808550941513,294.86604178928707,1566.1444444444444,1.1183124321909974e-05,0.056272321643454484,3215577.323293547,8863984.89924072,3.7826652287527693,0.9646257232261088,0.23675217608182897,294.6513333333333,267.42788888888884,0.35444444444444445,41.39888888888889,0.21428571428571427
2025-02-14 07:15:00+01:00,294.96120401846093,294.9531388055984,1502.2333333333333,1.1183124321909974e-05,0.056272321643454484,3215577.323293547,8863984.89924072,3.7826652287527693,0.9646257232261088,0.22320401846094462,294.738,267.54999999999995,0.14555555555555555,40.89111111111111,0.21428571428571427
2025-02-14 07:30:00+01:00,295.0481533121693,295.0286729115678,1401.1333333333334,1.1183124321909974e-05,0.056272321643454484,3215577.323293547,8863984.89924072,3.7826652287527693,0.9646257232261088,0.2144866455026601,294.83366666666666,267.58466666666664,0.7244444444444444,41.111111111111114,0.21428571428571427
2025-02-14 07:45:00+01:00,295.11075089483234,295.1029472036984,1269.6555555555556,1.1183124321909974e-05,0.056272321643454484,3215577.323293547,8863984.89924072,3.7826652287527693,0.9646257232261088,0.20352867261014554,294.9072222222222,267.7313333333333,1.1655555555555555,41.44,0.21428571428571427
2025-02-14 08:00:00+01:00,295.1785147755238,295.1623434709391,370.0,1.1183124321909974e-05,0.056272321643454484,3215577.323293547,8863984.89924072,3.7826652287527693,0.9646257232261088,0.18973699774608127,294.9887777777777,267.8975555555555,2.5455555555555556,172.27444444444444,0.21428571428571427
2025-02-14 08:15:00+01:00,295.16886594068154,295.17205848432013,124.15555555555555,1.1183124321909974e-05,0.056272321643454484,3215577.323293547,8863984.89924072,3.7826652287527693,0.9646257232261088,0.12031038512601089,295.04855555555554,268.1362222222222,3.477777777777778,350.9577777777778,0.21428571428571427
2025-02-14 08:30:00+01:00,295.18034873827344,295.1674307401494,0.0,1.1183124321909974e-05,0.056272321643454484,3215577.323293547,8863984.89924072,3.7826652287527693,0.9646257232261088,0.13179318271788606,295.04855555555554,268.308,5.4511111111111115,381.8388888888889,0.21428571428571427
2025-02-14 08:45:00+01:00,295.1622532166936,295.1650257910567,0.0,1.1183124321909974e-05,0.056272321643454484,3215577.323293547,8863984.89924072,3.7826652287527693,0.9646257232261088,0.1122532166936411,295.04999999999995,268.4018888888889,9.77111111111111,402.69444444444446,0.21428571428571427
2025-02-14 09:00:00+01:00,295.16916452429683,295.1574294115955,0.0,1.1183124321909974e-05,0.056272321643454484,3215577.323293547,8863984.89924072,3.7826652287527693,0.9646257232261088,0.1177200798524212,295.0514444444444,268.55466666666666,12.012222222222222,443.60777777777776,0.21428571428571427
2025-02-14 09:15:00+01:00,295.16027496913745,295.16071255733857,0.0,1.1183124321909974e-05,0.056272321643454484,3215577.323293547,8863984.89924072,3.7826652287527693,0.9646257232261088,0.07816385802636672,295.0821111111111,268.65,16.036666666666665,485.61,0.21428571428571427
2025-02-14 09:30:00+01:00,295.17316399561463,295.16192255866093,0.0,1.1183124321909974e-05,0.056272321643454484,3215577.323293547,8863984.89924072,3.7826652287527693,0.9646257232261088,0.06938621783690685,295.10377777777774,268.733,19.435555555555556,487.58,0.21428571428571427
2025-02-14 09:45:00+01:00,295.17122757583485,295.17015037696484,0.0,1.1183124321909974e-05,0.056272321643454484,3215577.323293547,8863984.89924072,3.7826652287527693,0.9646257232261088,0.0514497980571203,295.11977777777776,268.8082222222222,21.516666666666666,469.9,0.21428571428571427
2025-02-14 10:00:00+01:00,295.18268064716693,295.1727145619552,0.0,1.1183124321909974e-05,0.056272321643454484,3215577.323293547,8863984.89924072,3.7826652287527693,0.9646257232261088,0.04545842494475347,295.1372222222222,268.8392222222222,22.253333333333334,377.51666666666665,0.21428571428571427
2025-02-14 10:15:00+01:00,295.1744334093907,295.173712779009,0.0,1.1183124321909974e-05,0.056272321643454484,3215577.323293547,8863984.89924072,3.7826652287527693,0.9646257232261088,0.016877853835167836,295.1575555555555,268.9315555555555,39.266666666666666,370.27777777777777,0.21428571428571427
2025-02-14 10:30:00+01:00,295.18404507983223,295.17422291066725,0.0,1.1183124321909974e-05,0.056272321643454484,3215577.323293547,8863984.89924072,3.7826652287527693,0.9646257232261088,0.028045079832269223,295.15599999999995,269.09444444444443,55.67777777777778,375.18333333333334,0.21428571428571427
2025-02-14 10:45:00+01:00,295.18697413586034,295.1842252035479,0.0,1.1183124321909974e-05,0.056272321643454484,3215577.323293547,8863984.89924072,3.7826652287527693,0.9646257232261088,0.028418580304813704,295.15855555555555,269.24044444444445,48.074444444444445,366.5444444444444,0.21428571428571427
2025-02-14 11:00:00+01:00,295.196696978167,295.18824736823126,0.0,1.1183124321909974e-05,0.056272321643454484,3215577.323293547,8863984.89924072,3.7826652287527693,0.9646257232261088,0.037252533722561536,295.15944444444443,269.4548888888889,55.60333333333333,348.1044444444444,0.21428571428571427
2025-02-14 11:15:00+01:00,295.19969587231816,295.196170488569,0.0,1.1183124321909974e-05,0.056272321643454484,3215577.323293547,8863984.89924072,3.7826652287527693,0.9646257232261088,0.024140316762587617,295.17555555555555,269.71666666666664,53.45333333333333,361.4222222222222,0.21428571428571427
2025-02-14 11:30:00+01:00,295.21024472560725,295.20229301149544,0.0,1.1183124321909974e-05,0.056272321643454484,3215577.323293547,8863984.89924072,3.7826652287527693,0.9646257232261088,0.006244725607324565,295.20399999999995,270.06333333333333,50.99111111111111,314.9922222222222,0.21428571428571427
2025-02-14 11:45:00+01:00,295.21043758726853,295.20729468400083,0.0,1.1183124321909974e-05,0.056272321643454484,3215577.323293547,8863984.89924072,3.7826652287527693,0.9646257232261088,-0.018673523842563867,295.2291111111111,270.3031111111111,76.98835555555556,280.9144444444444,0.21428571428571427
2025-02-14 12:00:00+01:00,295.2232114293924,295.21480083940946,0.0,1.1183124321909974e-05,0.056272321643454484,3215577.323293547,8863984.89924072,3.7826652287527693,0.9646257232261088,-0.010677459496500221,295.2338888888889,270.7275555555555,89.42444444444445,315.59222222222223,0.21428571428571427
2025-02-14 12:15:00+01:00,295.2361114378047,295.23117829833745,0.0,1.1183124321909974e-05,0.056272321643454484,3215577.323293547,8863984.89924072,3.7826652287527693,0.9646257232261088,-0.008333006639728162,295.2444444444444,271.019,100.31564444444444,341.33,0.21428571428571427
2025-02-14 12:30:00+01:00,295.2598446313929,295.2508230046214,0.0,1.1183124321909974e-05,0.056272321643454484,3215577.323293547,8863984.89924072,3.7826652287527693,0.9646257232261088,0.010622409170692388,295.2492222222222,271.23077777777775,98.6616,379.11333333333334,0.21428571428571427
2025-02-14 12:45:00+01:00,295.2807402374529,295.27490510313623,0.0,1.1183124321909974e-05,0.056272321643454484,3215577.323293547,8863984.89924072,3.7826652287527693,0.9646257232261088,0.03074023745288358,295.25,271.34766666666667,106.87608888888889,312.9433333333333,0.21428571428571427
2025-02-14 13:00:00+01:00,295.3033585266662,295.2952072049549,0.0,1.1183124321909974e-05,0.056272321643454484,3215577.323293547,8863984.89924072,3.7826652287527693,0.9646257232261088,0.031025193332891735,295.27233333333334,271.59944444444443,102.21617777777777,252.62555555555556,0.21428571428571427
2025-02-14 13:15:00+01:00,295.3165469598445,295.3116538779082,0.0,1.1183124321909974e-05,0.056272321643454484,3215577.323293547,8863984.89924072,3.7826652287527693,0.9646257232261088,-0.016897484599884115,295.3334444444444,271.65599999999995,96.88804444444445,345.3622222222222,0.21428571428571427
2025-02-14 13:30:00+01:00,295.3402522079307,295.3313912838051,0.0,1.1183124321909974e-05,0.056272321643454484,3215577.323293547,8863984.89924072,3.7826652287527693,0.9646257232261088,-0.006858903180366827,295.3471111111111,271.5563333333333,88.10893333333333,345.1766666666667,0.21428571428571427
2025-02-14 13:45:00+01:00,295.35544039847247,295.3506134567615,0.0,1.1183124321909974e-05,0.056272321643454484,3215577.323293547,8863984.89924072,3.7826652287527693,0.9646257232261088,0.007662620694707928,295.34777777777776,271.97988888888887,95.34466666666667,331.76,0.21428571428571427
2025-02-14 14:00:00+01:00,295.37796605453764,295.369368771876,0.0,1.1183124321909974e-05,0.056272321643454484,3215577.323293547,8863984.89924072,3.7826652287527693,0.9646257232261088,0.02796605453764891,295.34999999999997,272.4564444444444,126.70817777777778,287.4433333333333,0.21428571428571427
2025-02-14 14:15:00+01:00,295.40235000440344,295.39597421706503,0.0,1.1183124321909974e-05,0.056272321643454484,3215577.323293547,8863984.89924072,3.7826652287527693,0.9646257232261088,0.05235000440347765,295.34999999999997,272.556,79.6400888888889,229.79222222222222,0.21428571428571427
2025-02-14 14:30:00+01:00,295.409848989661,295.40512837933977,0.0,1.1183124321909974e-05,0.056272321643454484,3215577.323293547,8863984.89924072,3.7826652287527693,0.9646257232261088,0.055404545216552,295.3544444444444,272.1984444444444,36.388888888888886,270.07666666666665,0.21428571428571427
2025-02-14 14:45:00+01:00,295.40847681546364,295.40418220656517,0.0,1.1183124321909974e-05,0.056272321643454484,3215577.323293547,8863984.89924072,3.7826652287527693,0.9646257232261088,0.05714348213038206,295.3513333333333,272.0001111111111,54.15111111111111,322.7011111111111,0.21428571428571427
2025-02-14 15:00:00+01:00,295.41757339504665,295.41105122806533,0.0,1.1183124321909974e-05,0.056272321643454484,3215577.323293547,8863984.89924072,3.7826652287527693,0.9646257232261088,0.06757339504668078,295.34999999999997,272.12277777777774,56.233333333333334,404.74111111111114,0.21428571428571427
2025-02-14 15:15:00+01:00,295.4311950777249,295.4253158946482,0.0,1.1183124321909974e-05,0.056272321643454484,3215577.323293547,8863984.89924072,3.7826652287527693,0.9646257232261088,0.061972855502692624,295.3692222222222,272.37699999999995,60.35,394.53333333333336,0.21428571428571427
2025-02-14 15:30:00+01:00,295.44649969473136,295.4399839604648,0.0,1.1183124321909974e-05,0.056272321643454484,3215577.323293547,8863984.89924072,3.7826652287527693,0.9646257232261088,0.03716636139800939,295.40933333333334,272.74544444444444,54.71333333333333,341.59,0.21428571428571427
2025-02-14 15:45:00+01:00,295.45514980154405,295.4503579864419,0.0,1.1183124321909974e-05,0.056272321643454484,3215577.323293547,8863984.89924072,3.7826652287527693,0.9646257232261088,0.005816468210725216,295.4493333333333,272.54055555555556,26.176666666666666,321.4555555555556,0.21428571428571427
2025-02-14 16:00:00+01:00,295.45498833120365,295.45061716893576,0.0,1.1183124321909974e-05,0.056272321643454484,3215577.323293547,8863984.89924072,3.7826652287527693,0.9646257232261088,0.006432775648159645,295.4485555555555,272.5488888888889,19.81,330.3333333333333,0.21428571428571427
2025-02-14 16:15:00+01:00,295.4540880938605,295.4495843498232,0.0,1.1183124321909974e-05,0.056272321643454484,3215577.323293547,8863984.89924072,3.7826652287527693,0.9646257232261088,0.0040880938605152165,295.45,272.60144444444444,16.362222222222222,328.38666666666666,0.21428571428571427
2025-02-14 16:30:00+01:00,295.4517903197181,295.4476411734536,0.0,1.1183124321909974e-05,0.056272321643454484,3215577.323293547,8863984.89924072,3.7826652287527693,0.9646257232261088,0.0025680974958858537,295.4492222222222,272.5065555555555,5.588888888888889,328.24,0.21428571428571427
2025-02-14 16:45:00+01:00,295.4463578511394,295.44251824055647,0.0,1.1183124321909974e-05,0.056272321643454484,3215577.323293547,8863984.89924072,3.7826652287527693,0.9646257232261088,-0.0036421488606187737,295.45,272.35344444444445,2.9033333333333333,330.6,0.21428571428571427
2025-02-14 17:00:00+01:00,295.44049304864143,295.4364856455868,0.0,1.1183124321909974e-05,0.056272321643454484,3215577.323293547,8863984.89924072,3.7826652287527693,0.9646257232261088,-0.009506951358557645,295.45,272.1978888888889,0.8222222222222222,330.3,0.21428571428571427
2025-02-14 17:15:00+01:00,295.43350812867106,295.4297615506627,0.0,1.1183124321909974e-05,0.056272321643454484,3215577.323293547,8863984.89924072,3.7826652287527693,0.9646257232261088,-0.006158537995584867,295.43966666666665,271.41288888888886,0.0,332.24,0.21428571428571427
2025-02-14 17:30:00+01:00,295.4258058141618,295.4217687906925,0.0,1.1183124321909974e-05,0.056272321643454484,3215577.323293547,8863984.89924072,3.7826652287527693,0.9646257232261088,-0.01163863028263663,295.4374444444444,271.188,0.39666666666666667,292.6588888888889,0.21428571428571427
2025-02-14 17:45:00+01:00,295.4142810825977,295.4110494544877,0.0,1.1183124321909974e-05,0.056272321643454484,3215577.323293547,8863984.89924072,3.7826652287527693,0.9646257232261088,-0.015941139624505787,295.4302222222222,271.37555555555554,0.7188888888888889,202.2211111111111,0.21428571428571427
2025-02-14 18:00:00+01:00,295.39673715190895,295.3941430639337,0.0,1.1183124321909974e-05,0.056272321643454484,3215577.323293547,8863984.89924072,3.7826652287527693,0.9646257232261088,-0.00581840364656394,295.4025555555555,271.57244444444444,0.6577777777777778,42.17333333333333,0.21428571428571427
2025-02-14 18:15:00+01:00,295.367072363635,295.366330349373,0.0,1.1183124321909974e-05,0.056272321643454484,3215577.323293547,8863984.89924072,3.7826652287527693,0.9646257232261088,-0.0029276363650043925,295.37,271.57033333333334,0.034444444444444444,42.67888888888889,0.21428571428571427
2025-02-14 18:30:00+01:00,295.3398472919069,295.3374899946031,0.0,1.1183124321909974e-05,0.056272321643454484,3215577.323293547,8863984.89924072,3.7826652287527693,0.9646257232261088,-0.016597152537514915,295.35644444444443,271.31277777777774,0.0,42.30888888888889,0.21428571428571427
2025-02-14 18:45:00+01:00,295.3100547532538,295.30911846562094,0.0,1.1183124321909974e-05,0.056272321643454484,3215577.323293547,8863984.89924072,3.7826652287527693,0.9646257232261088,-0.04161191341286674,295.35166666666663,271.08077777777777,0.0,42.336666666666666,0.21428571428571427
2025-02-14 19:00:00+01:00,295.2819804154068,295.2797598228987,0.0,1.1183124321909974e-05,0.056272321643454484,3215577.323293547,8863984.89924072,3.7826652287527693,0.9646257232261088,-0.06801958459320137,295.34999999999997,271.0274444444444,0.0,42.27444444444444,0.21428571428571427
2025-02-14 19:15:00+01:00,295.2520901145172,295.2510100528971,0.0,1.1183124321909974e-05,0.056272321643454484,3215577.323293547,8863984.89924072,3.7826652287527693,0.9646257232261088,-0.09646544103831217,295.34855555555555,270.95,0.0,42.724444444444444,0.21428571428571427
2025-02-14 19:30:00+01:00,295.2237576998354,295.22165189166446,0.0,1.1183124321909974e-05,0.056272321643454484,3215577.323293547,8863984.89924072,3.7826652287527693,0.9646257232261088,-0.0945756334979353,295.3183333333333,270.92344444444444,0.0,42.452222222222225,0.21428571428571427
2025-02-14 19:45:00+01:00,295.19398392398,295.1927945541537,0.0,1.1183124321909974e-05,0.056272321643454484,3215577.323293547,8863984.89924072,3.7826652287527693,0.9646257232261088,-0.06534940935331607,295.2593333333333,270.9374444444444,0.0,42.568888888888885,0.21428571428571427
2025-02-14 20:00:00+01:00,295.1655441275126,295.16354240262234,0.0,1.1183124321909974e-05,0.056272321643454484,3215577.323293547,8863984.89924072,3.7826652287527693,0.9646257232261088,-0.08212253915403497,295.24766666666665,270.94888888888886,0.0,42.21333333333333,0.21428571428571427
2025-02-14 20:15:00+01:00,295.13599932473056,295.1347293232604,0.0,1.1183124321909974e-05,0.056272321643454484,3215577.323293547,8863984.89924072,3.7826652287527693,0.9646257232261088,-0.06233400860277208,295.1983333333333,271.05199999999996,0.37333333333333335,42.60666666666667,0.21428571428571427
2025-02-14 20:30:00+01:00,295.10778781994713,295.10585256928215,0.0,1.1183124321909974e-05,0.056272321643454484,3215577.323293547,8863984.89924072,3.7826652287527693,0.9646257232261088,-0.04210106894172203,295.1498888888889,271.2983333333333,0.8811111111111111,42.47666666666667,0.21428571428571427
2025-02-14 20:45:00+01:00,295.07915194483405,295.07780787598057,0.0,1.1183124321909974e-05,0.056272321643454484,3215577.323293547,8863984.89924072,3.7826652287527693,0.9646257232261088,-0.02140361072149649,295.10055555555556,271.61144444444443,0.9944444444444445,42.44555555555556,0.21428571428571427
2025-02-14 21:00:00+01:00,295.05179642995967,295.04995457764295,0.0,1.1183124321909974e-05,0.056272321643454484,3215577.323293547,8863984.89924072,3.7826652287527693,0.9646257232261088,0.0009075410707947422,295.0508888888889,271.92866666666663,0.57,42.34222222222222,0.21428571428571427
2025-02-14 21:15:00+01:00,295.02403559503557,295.0226972755592,0.0,1.1183124321909974e-05,0.056272321643454484,3215577.323293547,8863984.89924072,3.7826652287527693,0.9646257232261088,-0.02429773829773794,295.0483333333333,272.0185555555555,0.005555555555555556,42.57222222222222,0.21428571428571427
2025-02-14 21:30:00+01:00,294.9969551551501,294.99521046627245,0.0,1.1183124321909974e-05,0.056272321643454484,3215577.323293547,8863984.89924072,3.7826652287527693,0.9646257232261088,0.004621821816793503,294.9923333333333,271.93911111111106,0.0,42.52111111111111,0.21428571428571427
2025-02-14 21:45:00+01:00,294.9692402593734,294.96785281228625,0.0,1.1183124321909974e-05,0.056272321643454484,3215577.323293547,8863984.89924072,3.7826652287527693,0.9646257232261088,0.012351370484587622,294.95688888888884,271.84999999999997,0.011111111111111112,42.50333333333333,0.21428571428571427
2025-02-14 22:00:00+01:00,294.94194567679546,294.94023401931213,0.0,1.1183124321909974e-05,0.056272321643454484,3215577.323293547,8863984.89924072,3.7826652287527693,0.9646257232261088,-0.006387656537840189,294.9483333333333,271.84999999999997,0.2511111111111111,42.39,0.21428571428571427
2025-02-14 22:15:00+01:00,294.9143045990837,294.91287160323645,0.0,1.1183124321909974e-05,0.056272321643454484,3215577.323293547,8863984.89924072,3.7826652287527693,0.9646257232261088,0.003193487972611057,294.9111111111111,271.89599999999996,0.20555555555555555,42.525555555555556,0.21428571428571427
2025-02-14 22:30:00+01:00,294.8871380438812,294.88546523579515,0.0,1.1183124321909974e-05,0.056272321643454484,3215577.323293547,8863984.89924072,3.7826652287527693,0.9646257232261088,0.030471377214554615,294.8566666666666,271.97155555555554,0.3977777777777778,42.53333333333333,0.21428571428571427
2025-02-14 22:45:00+01:00,294.85983070390233,294.85837002714356,0.0,1.1183124321909974e-05,0.056272321643454484,3215577.323293547,8863984.89924072,3.7826652287527693,0.9646257232261088,0.009275148346745565,294.85055555555556,272.2743333333333,0.91,42.39222222222222,0.21428571428571427
2025-02-14 23:00:00+01:00,294.83338443247555,294.8317401421345,0.0,1.1183124321909974e-05,0.056272321643454484,3215577.323293547,8863984.89924072,3.7826652287527693,0.9646257232261088,0.01182887692002633,294.8215555555555,273.04699999999997,1.5722222222222222,42.73555555555556,0.21428571428571427
2025-02-14 23:15:00+01:00,294.8079260038751,294.80648083306903,0.0,1.1183124321909974e-05,0.056272321643454484,3215577.323293547,8863984.89924072,3.7826652287527693,0.9646257232261088,0.03248155943068636,294.7754444444444,273.13744444444444,0.51,42.522222222222226,0.21428571428571427
2025-02-14 23:30:00+01:00,294.7825257249884,294.78098055244266,0.0,1.1183124321909974e-05,0.056272321643454484,3215577.323293547,8863984.89924072,3.7826652287527693,0.9646257232261088,0.031747947210575826,294.7507777777778,272.7472222222222,0.0,42.766666666666666,0.21428571428571427
2025-02-14 23:45:00+01:00,294.75638558101446,294.75491916058934,0.0,1.1183124321909974e-05,0.056272321643454484,3215577.323293547,8863984.89924072,3.7826652287527693,0.9646257232261088,0.007941136570027447,294.74844444444443,272.41366666666664,0.005555555555555556,42.51777777777778,0.21428571428571427
2025-02-15 00:00:00+01:00,294.72995151259965,294.728387751864,0.0,1.1183124321909974e-05,0.056272321643454484,3215577.323293547,8863984.89924072,3.7826652287527693,0.9646257232261088,0.0046181792663514834,294.7253333333333,272.45,0.016666666666666666,42.45444444444445,0.21428571428571427
2025-02-15 00:15:00+01:00,294.7034594045704,294.7019887724849,0.0,1.1183124321909974e-05,0.056272321643454484,3215577.323293547,8863984.89924072,3.7826652287527693,0.9646257232261088,0.033126071237135846,294.6703333333333,272.32866666666666,0.0,42.60333333333333,0.21428571428571427
2025-02-15 00:30:00+01:00,294.67698469448436,294.6754205218262,0.0,1.1183124321909974e-05,0.056272321643454484,3215577.323293547,8863984.89924072,3.7826652287527693,0.9646257232261088,0.02842913892886475,294.6485555555555,271.9423333333333,0.0,42.43666666666667,0.21428571428571427
2025-02-15 00:45:00+01:00,294.64991682884255,294.6484023926157,0.0,1.1183124321909974e-05,0.056272321643454484,3215577.323293547,8863984.89924072,3.7826652287527693,0.9646257232261088,0.03325016217591578,294.6166666666666,271.6741111111111,0.0,42.73555555555556,0.21428571428571427
2025-02-15 01:00:00+01:00,294.6226412102473,294.62105398718154,0.0,1.1183124321909974e-05,0.056272321643454484,3215577.323293547,8863984.89924072,3.7826652287527693,0.9646257232261088,0.06641898802510987,294.5562222222222,271.65,0.0,42.60333333333333,0.21428571428571427
2025-02-15 01:15:00+01:00,294.59525776162985,294.5937375612402,0.0,1.1183124321909974e-05,0.056272321643454484,3215577.323293547,8863984.89924072,3.7826652287527693,0.9646257232261088,0.04525776162989503,294.54999999999995,271.70733333333334,0.005555555555555556,42.611111111111114,0.21428571428571427
2025-02-15 01:30:00+01:00,294.5680754949525,294.5665037108205,0.0,1.1183124321909974e-05,0.056272321643454484,3215577.323293547,8863984.89924072,3.7826652287527693,0.9646257232261088,0.01951993939693382,294.54855555555554,271.5161111111111,0.0,42.54888888888889,0.21428571428571427
2025-02-15 01:45:00+01:00,294.54060978542503,294.5390687471463,0.0,1.1183124321909974e-05,0.056272321643454484,3215577.323293547,8863984.89924072,3.7826652287527693,0.9646257232261088,0.02305422986948132,294.51755555555553,271.4242222222222,0.03888888888888889,42.955555555555556,0.21428571428571427
2025-02-15 02:00:00+01:00,294.51315245141416,294.5115692725687,0.0,1.1183124321909974e-05,0.056272321643454484,3215577.323293547,8863984.89924072,3.7826652287527693,0.9646257232261088,0.0521524514142023,294.46099999999996,271.4323333333333,0.0,42.69444444444444,0.21428571428571427
2025-02-15 02:15:00+01:00,294.4856469443508,294.48411098013275,0.0,1.1183124321909974e-05,0.056272321643454484,3215577.323293547,8863984.89924072,3.7826652287527693,0.9646257232261088,0.03242472212857131,294.4532222222222,271.3355555555555,0.0,42.49333333333333,0.21428571428571427
2025-02-15 02:30:00+01:00,294.4581036153371,294.45652175306475,0.0,1.1183124321909974e-05,0.056272321643454484,3215577.323293547,8863984.89924072,3.7826652287527693,0.9646257232261088,0.019325837559345794,294.4387777777778,271.02466666666663,0.0,42.46222222222222,0.21428571428571427
2025-02-15 02:45:00+01:00,294.4301399869662,294.4285711071959,0.0,1.1183124321909974e-05,0.056272321643454484,3215577.323293547,8863984.89924072,3.7826652287527693,0.9646257232261088,0.03247332029955885,294.3976666666666,270.75888888888886,0.0,42.745555555555555,0.21428571428571427
2025-02-15 03:00:00+01:00,294.4019205744494,294.4003121591341,0.0,1.1183124321909974e-05,0.056272321643454484,3215577.323293547,8863984.89924072,3.7826652287527693,0.9646257232261088,0.04736501889383854,294.3545555555555,270.5722222222222,0.0,42.92777777777778,0.21428571428571427
2025-02-15 03:15:00+01:00,294.37346344465493,294.3718716370716,0.0,1.1183124321909974e-05,0.056272321643454484,3215577.323293547,8863984.89924072,3.7826652287527693,0.9646257232261088,0.022574555766089816,294.35088888888885,270.62477777777775,0.0,42.443333333333335,0.21428571428571427
2025-02-15 03:30:00+01:00,294.345090462976,294.3434992239851,0.0,1.1183124321909974e-05,0.056272321643454484,3215577.323293547,8863984.89924072,3.7826652287527693,0.9646257232261088,-0.0034650925795771874,294.34855555555555,270.43277777777774,0.0,42.68555555555555,0.21428571428571427
2025-02-15 03:45:00+01:00,294.31653381742524,294.3149221070171,0.0,1.1183124321909974e-05,0.056272321643454484,3215577.323293547,8863984.89924072,3.7826652287527693,0.9646257232261088,-0.01568840479695391,294.3322222222222,270.1582222222222,0.0,42.52333333333333,0.21428571428571427
2025-02-15 04:00:00+01:00,294.28762791908514,294.28601227071374,0.0,1.1183124321909974e-05,0.056272321643454484,3215577.323293547,8863984.89924072,3.7826652287527693,0.9646257232261088,0.014516807974068641,294.27311111111106,269.87666666666667,0.0,42.44555555555556,0.21428571428571427
2025-02-15 04:15:00+01:00,294.2583943527238,294.25675813591374,0.0,1.1183124321909974e-05,0.056272321643454484,3215577.323293547,8863984.89924072,3.7826652287527693,0.9646257232261088,0.00983879716831517,294.2485555555555,269.78099999999995,0.0,42.53888888888889,0.21428571428571427
2025-02-15 04:30:00+01:00,294.2290569886529,294.22743103197286,0.0,1.1183124321909974e-05,0.056272321643454484,3215577.323293547,8863984.89924072,3.7826652287527693,0.9646257232261088,-0.0008319002359511705,294.22988888888887,269.73077777777775,0.0,43.022222222222226,0.21428571428571427
2025-02-15 04:45:00+01:00,294.1997477567977,294.19810336013165,0.0,1.1183124321909974e-05,0.056272321643454484,3215577.323293547,8863984.89924072,3.7826652287527693,0.9646257232261088,0.02552553457553008,294.17422222222217,269.6273333333333,0.0,42.602222222222224,0.21428571428571427
2025-02-15 05:00:00+01:00,294.1702855445521,294.1686564244954,0.0,1.1183124321909974e-05,0.056272321643454484,3215577.323293547,8863984.89924072,3.7826652287527693,0.9646257232261088,0.018841100107645323,294.15144444444445,269.4083333333333,0.0,42.92444444444445,0.21428571428571427
2025-02-15 05:15:00+01:00,294.14063428428483,294.1389678285335,0.0,1.1183124321909974e-05,0.056272321643454484,3215577.323293547,8863984.89924072,3.7826652287527693,0.9646257232261088,-0.009365715715168683,294.15,269.2783333333333,0.0,44.01111111111111,0.21428571428571427
2025-02-15 05:30:00+01:00,294.1108958580357,294.10923632751235,1140.2444444444443,1.1183124321909974e-05,0.056272321643454484,3215577.323293547,8863984.89924072,3.7826652287527693,0.9646257232261088,-0.009659697519879178,294.12055555555554,269.0757777777778,0.0,43.67333333333333,0.21428571428571427
2025-02-15 05:45:00+01:00,294.1787997358736,294.1594403255572,2863.0444444444443,1.1183124321909974e-05,0.056272321643454484,3215577.323293547,8863984.89924072,3.7826652287527693,0.9646257232261088,0.08791084698474196,294.09088888888886,269.0318888888889,0.0,42.425555555555555,0.21428571428571427
2025-02-15 06:00:00+01:00,294.3698219042925,294.3394952958682,2026.5,1.1183124321909974e-05,0.056272321643454484,3215577.323293547,8863984.89924072,3.7826652287527693,0.9646257232261088,0.21559968207029956,294.1542222222222,268.90766666666667,0.0,42.62222222222222,0.21428571428571427
2025-02-15 06:15:00+01:00,294.4734651185533,294.46582923784973,1562.7666666666667,1.1183124321909974e-05,0.056272321643454484,3215577.323293547,8863984.89924072,3.7826652287527693,0.9646257232261088,0.2184651185532833,294.255,268.7181111111111,0.0,42.67444444444445,0.21428571428571427
2025-02-15 06:30:00+01:00,294.5683752311306,294.54772159528716,1407.7333333333333,1.1183124321909974e-05,0.056272321643454484,3215577.323293547,8863984.89924072,3.7826652287527693,0.9646257232261088,0.17204189779725906,294.3963333333333,268.5501111111111,0.0,42.39555555555555,0.21428571428571427
2025-02-15 06:45:00+01:00,294.6315914082395,294.62489634690814,1367.4555555555557,1.1183124321909974e-05,0.056272321643454484,3215577.323293547,8863984.89924072,3.7826652287527693,0.9646257232261088,0.12214696379508959,294.5094444444444,268.6117777777778,0.0,42.57,0.21428571428571427
2025-02-15 07:00:00+01:00,294.71070054676295,294.69221404136636,1330.2777777777776,1.1183124321909974e-05,0.056272321643454484,3215577.323293547,8863984.89924072,3.7826652287527693,0.9646257232261088,0.10481165787411804,294.60588888888884,268.39655555555555,0.0,42.37,0.21428571428571427
2025-02-15 07:15:00+01:00,294.7698984319151,294.76244807374445,1315.8555555555556,1.1183124321909974e-05,0.056272321643454484,3215577.323293547,8863984.89924072,3.7826652287527693,0.9646257232261088,0.03734287635961646,294.7325555555555,267.8492222222222,0.0,42.67777777777778,0.21428571428571427
2025-02-15 07:30:00+01:00,294.8424149327994,294.82530866941715,927.6777777777778,1.1183124321909974e-05,0.056272321643454484,3215577.323293547,8863984.89924072,3.7826652287527693,0.9646257232261088,-0.0015850672005812809,294.844,267.39733333333334,0.0,42.7,0.21428571428571427
2025-02-15 07:45:00+01:00,294.86758029002414,294.86502762945383,1055.6777777777777,1.1183124321909974e-05,0.056272321643454484,3215577.323293547,8863984.89924072,3.7826652287527693,0.9646257232261088,-0.03853082108695102,294.9061111111111,267.12755555555555,0.3277777777777778,42.33,0.21428571428571427
2025-02-15 08:00:00+01:00,294.92360227905874,294.9060791888144,881.6555555555556,1.1183124321909974e-05,0.056272321643454484,3215577.323293547,8863984.89924072,3.7826652287527693,0.9646257232261088,-0.025508832052384234,294.9491111111111,266.73711111111106,3.091111111111111,42.413333333333334,0.21428571428571427
2025-02-15 08:15:00+01:00,294.9442929998265,294.942573599804,279.1666666666667,1.1183124321909974e-05,0.056272321643454484,3215577.323293547,8863984.89924072,3.7826652287527693,0.9646257232261088,-0.02904033350683385,294.9733333333333,266.4592222222222,8.272222222222222,42.404444444444444,0.21428571428571427
2025-02-15 08:30:00+01:00,294.93646946869865,294.9297050253552,0.0,1.1183124321909974e-05,0.056272321643454484,3215577.323293547,8863984.89924072,3.7826652287527693,0.9646257232261088,-0.08364164241245473,295.0201111111111,266.2302222222222,12.363333333333333,42.51888888888889,0.21428571428571427
2025-02-15 08:45:00+01:00,294.8987548869012,294.9005421639005,0.0,1.1183124321909974e-05,0.056272321643454484,3215577.323293547,8863984.89924072,3.7826652287527693,0.9646257232261088,-0.12224511309876815,295.02099999999996,266.2291111111111,19.352222222222224,42.696666666666665,0.21428571428571427
2025-02-15 09:00:00+01:00,294.87521737130777,294.8689907156701,0.0,1.1183124321909974e-05,0.056272321643454484,3215577.323293547,8863984.89924072,3.7826652287527693,0.9646257232261088,-0.1310048509144285,295.0062222222222,267.337,31.613333333333333,42.21333333333333,0.21428571428571427
2025-02-15 09:15:00+01:00,294.84593280875436,294.8462339187989,0.0,1.1183124321909974e-05,0.056272321643454484,3215577.323293547,8863984.89924072,3.7826652287527693,0.9646257232261088,-0.149178302356734,294.9951111111111,267.69744444444444,46.20111111111111,42.76444444444444,0.21428571428571427
2025-02-15 09:30:00+01:00,294.83096098589203,294.82463200851964,0.0,1.1183124321909974e-05,0.056272321643454484,3215577.323293547,8863984.89924072,3.7826652287527693,0.9646257232261088,-0.137594569663504,294.96855555555555,268.03377777777774,79.2624,42.39,0.21428571428571427
2025-02-15 09:45:00+01:00,294.8179470138443,294.81561553914656,0.0,1.1183124321909974e-05,0.056272321643454484,3215577.323293547,8863984.89924072,3.7826652287527693,0.9646257232261088,-0.13338631948904758,294.9513333333333,268.16577777777775,83.32231111111112,42.25555555555555,0.21428571428571427
2025-02-15 10:00:00+01:00,294.81195942961403,294.8058513576386,0.0,1.1183124321909974e-05,0.056272321643454484,3215577.323293547,8863984.89924072,3.7826652287527693,0.9646257232261088,-0.13804057038596662,294.95,268.2105555555555,99.2251111111111,42.19555555555556,0.21428571428571427
2025-02-15 10:15:00+01:00,294.8059619322367,294.80228551888257,0.0,1.1183124321909974e-05,0.056272321643454484,3215577.323293547,8863984.89924072,3.7826652287527693,0.9646257232261088,-0.14403806776327008,294.95,268.4003333333333,120.32284444444444,42.032222222222224,0.21428571428571427
2025-02-15 10:30:00+01:00,294.81041473714106,294.8033603357399,0.0,1.1183124321909974e-05,0.056272321643454484,3215577.323293547,8863984.89924072,3.7826652287527693,0.9646257232261088,-0.12602970730336968,294.9364444444444,268.702,134.46595555555555,42.528888888888886,0.21428571428571427
2025-02-15 10:45:00+01:00,294.81519259937085,294.8103348820299,0.0,1.1183124321909974e-05,0.056272321643454484,3215577.323293547,8863984.89924072,3.7826652287527693,0.9646257232261088,-0.08236295618466515,294.8975555555555,269.28155555555554,146.82844444444444,42.15777777777778,0.21428571428571427
2025-02-15 11:00:00+01:00,294.827715412204,294.8202420122202,0.0,1.1183124321909974e-05,0.056272321643454484,3215577.323293547,8863984.89924072,3.7826652287527693,0.9646257232261088,-0.039062365573796,294.86677777777777,270.1595555555555,156.94151111111114,42.56,0.21428571428571427
2025-02-15 11:15:00+01:00,294.8410132332501,294.8353531638485,0.0,1.1183124321909974e-05,0.056272321643454484,3215577.323293547,8863984.89924072,3.7826652287527693,0.9646257232261088,-0.01487565563870277,294.85588888888884,270.71177777777774,166.8093333333333,42.59888888888889,0.21428571428571427
2025-02-15 11:30:00+01:00,294.8607040427745,294.85290581989085,0.0,1.1183124321909974e-05,0.056272321643454484,3215577.323293547,8863984.89924072,3.7826652287527693,0.9646257232261088,0.010037376107837545,294.85066666666665,270.8801111111111,174.42186666666666,42.42777777777778,0.21428571428571427
2025-02-15 11:45:00+01:00,294.88007609554296,294.87375019451827,0.0,1.1183124321909974e-05,0.056272321643454484,3215577.323293547,8863984.89924072,3.7826652287527693,0.9646257232261088,0.02852053998741232,294.85155555555554,270.52655555555555,180.69546666666665,42.57111111111111,0.21428571428571427
2025-02-15 12:00:00+01:00,294.9030706536709,294.89502804655916,0.0,1.1183124321909974e-05,0.056272321643454484,3215577.323293547,8863984.89924072,3.7826652287527693,0.9646257232261088,0.05240398700428174,294.85066666666665,270.7523333333333,182.68817777777775,42.31444444444445,0.21428571428571427
2025-02-15 12:15:00+01:00,294.92456615698444,294.9179574103602,0.0,1.1183124321909974e-05,0.056272321643454484,3215577.323293547,8863984.89924072,3.7826652287527693,0.9646257232261088,0.07378837920668231,294.85077777777775,270.70399999999995,182.3544888888889,42.504444444444445,0.21428571428571427
2025-02-15 12:30:00+01:00,294.94786820103883,294.9399940895757,0.0,1.1183124321909974e-05,0.056272321643454484,3215577.323293547,8863984.89924072,3.7826652287527693,0.9646257232261088,0.09486820103889614,294.85299999999995,270.4111111111111,182.67537777777778,42.56777777777778,0.21428571428571427
2025-02-15 12:45:00+01:00,294.96913149000574,294.96233130837265,0.0,1.1183124321909974e-05,0.056272321643454484,3215577.323293547,8863984.89924072,3.7826652287527693,0.9646257232261088,0.11168704556133716,294.8574444444444,270.1521111111111,179.79057777777777,42.513333333333335,0.21428571428571427
2025-02-15 13:00:00+01:00,294.99059109134754,294.9829779078631,0.0,1.1183124321909974e-05,0.056272321643454484,3215577.323293547,8863984.89924072,3.7826652287527693,0.9646257232261088,0.13403553579202848,294.85655555555553,270.3952222222222,177.26826666666668,42.39888888888889,0.21428571428571427
2025-02-15 13:15:00+01:00,295.0103729467932,295.0036545607051,0.0,1.1183124321909974e-05,0.056272321643454484,3215577.323293547,8863984.89924072,3.7826652287527693,0.9646257232261088,0.13992850234874438,294.87044444444444,270.55288888888884,171.21706666666665,42.70333333333333,0.21428571428571427
2025-02-15 13:30:00+01:00,295.02962716278546,295.02247720231617,0.0,1.1183124321909974e-05,0.056272321643454484,3215577.323293547,8863984.89924072,3.7826652287527693,0.9646257232261088,0.130182718340991,294.89944444444444,270.9817777777778,162.58986666666667,42.70444444444445,0.21428571428571427
2025-02-15 13:45:00+01:00,295.0459943267029,295.0397751037108,0.0,1.1183124321909974e-05,0.056272321643454484,3215577.323293547,8863984.89924072,3.7826652287527693,0.9646257232261088,0.10754988225848824,294.93844444444443,271.4697777777778,152.6592888888889,42.61888888888889,0.21428571428571427
2025-02-15 14:00:00+01:00,295.0610088565551,295.05459281776734,0.0,1.1183124321909974e-05,0.056272321643454484,3215577.323293547,8863984.89924072,3.7826652287527693,0.9646257232261088,0.11167552322176229,294.9493333333333,270.62066666666664,141.66124444444446,42.91111111111111,0.21428571428571427
2025-02-15 14:15:00+01:00,295.0711238594137,295.0654372817694,0.0,1.1183124321909974e-05,0.056272321643454484,3215577.323293547,8863984.89924072,3.7826652287527693,0.9646257232261088,0.12112385941374523,294.95,270.8693333333333,129.70142222222222,42.434444444444445,0.21428571428571427
2025-02-15 14:30:00+01:00,295.0786247950088,295.0730219953158,0.0,1.1183124321909974e-05,0.056272321643454484,3215577.323293547,8863984.89924072,3.7826652287527693,0.9646257232261088,0.12684701723106143,294.95177777777775,271.73377777777773,116.82826666666666,42.37555555555556,0.21428571428571427
2025-02-15 14:45:00+01:00,295.08312807947516,295.0782923462432,0.0,1.1183124321909974e-05,0.056272321643454484,3215577.323293547,8863984.89924072,3.7826652287527693,0.9646257232261088,0.11490585725296787,294.9682222222222,271.257,102.30346666666667,42.266666666666666,0.21428571428571427
2025-02-15 15:00:00+01:00,295.0833673268237,295.0786549871968,0.0,1.1183124321909974e-05,0.056272321643454484,3215577.323293547,8863984.89924072,3.7826652287527693,0.9646257232261088,0.08858954904592772,294.99477777777776,270.2968888888889,88.36311111111111,42.833333333333336,0.21428571428571427
2025-02-15 15:15:00+01:00,295.0780977538575,295.07398898662046,0.0,1.1183124321909974e-05,0.056272321643454484,3215577.323293547,8863984.89924072,3.7826652287527693,0.9646257232261088,0.05887553163526631,295.0192222222222,270.344,72.46777777777778,42.675555555555555,0.21428571428571427
2025-02-15 15:30:00+01:00,295.06855557971886,295.0648500232165,0.0,1.1183124321909974e-05,0.056272321643454484,3215577.323293547,8863984.89924072,3.7826652287527693,0.9646257232261088,0.05122224638559993,295.0173333333333,270.4985555555555,56.35888888888889,42.154444444444444,0.21428571428571427
2025-02-15 15:45:00+01:00,295.0545034318755,295.05140838555286,0.0,1.1183124321909974e-05,0.056272321643454484,3215577.323293547,8863984.89924072,3.7826652287527693,0.9646257232261088,0.025836765208875227,295.02866666666665,270.6512222222222,39.78333333333333,42.467777777777776,0.21428571428571427
2025-02-15 16:00:00+01:00,295.03614934128296,295.03349560846607,0.0,1.1183124321909974e-05,0.056272321643454484,3215577.323293547,8863984.89924072,3.7826652287527693,0.9646257232261088,0.012371563505192383,295.02377777777775,270.32977777777774,24.29888888888889,42.62111111111111,0.21428571428571427
2025-02-15 16:15:00+01:00,295.01301275281,295.01084226787464,0.0,1.1183124321909974e-05,0.056272321643454484,3215577.323293547,8863984.89924072,3.7826652287527693,0.9646257232261088,-0.024320580523310483,295.0373333333333,269.6772222222222,13.705555555555556,42.47666666666667,0.21428571428571427
2025-02-15 16:30:00+01:00,294.9863073774822,294.9842678124481,0.0,1.1183124321909974e-05,0.056272321643454484,3215577.323293547,8863984.89924072,3.7826652287527693,0.9646257232261088,-0.06969262251779607,295.056,268.6435555555555,8.488888888888889,42.45,0.21428571428571427
2025-02-15 16:45:00+01:00,294.9568287843806,294.9548786136566,0.0,1.1183124321909974e-05,0.056272321643454484,3215577.323293547,8863984.89924072,3.7826652287527693,0.9646257232261088,-0.098948993397115,295.05577777777773,268.0227777777778,4.062222222222222,42.70777777777778,0.21428571428571427
2025-02-15 17:00:00+01:00,294.9253190209945,294.9234860942524,0.0,1.1183124321909974e-05,0.056272321643454484,3215577.323293547,8863984.89924072,3.7826652287527693,0.9646257232261088,-0.1246809790054507,295.04999999999995,267.4436666666667,1.1066666666666667,42.62444444444444,0.21428571428571427
2025-02-15 17:15:00+01:00,294.89232070660887,294.8905034332913,0.0,1.1183124321909974e-05,0.056272321643454484,3215577.323293547,8863984.89924072,3.7826652287527693,0.9646257232261088,-0.15412373783555205,295.04644444444443,266.96566666666666,2.7688888888888887,42.32222222222222,0.21428571428571427
2025-02-15 17:30:00+01:00,294.8593025910278,294.85733397170304,0.0,1.1183124321909974e-05,0.056272321643454484,3215577.323293547,8863984.89924072,3.7826652287527693,0.9646257232261088,-0.1723640756388022,295.03166666666664,266.49699999999996,11.88,42.51888888888889,0.21428571428571427
2025-02-15 17:45:00+01:00,294.8285049533289,294.8260900420356,0.0,1.1183124321909974e-05,0.056272321643454484,3215577.323293547,8863984.89924072,3.7826652287527693,0.9646257232261088,-0.1548283800043799,294.9833333333333,266.14455555555554,0.0,42.01444444444444,0.21428571428571427
2025-02-15 18:00:00+01:00,294.7927878499484,294.7914420877652,0.0,1.1183124321909974e-05,0.056272321643454484,3215577.323293547,8863984.89924072,3.7826652287527693,0.9646257232261088,-0.15965659449603817,294.95244444444444,265.85499999999996,0.0,42.25333333333333,0.21428571428571427
2025-02-15 18:15:00+01:00,294.758254439067,294.7559289644432,0.0,1.1183124321909974e-05,0.056272321643454484,3215577.323293547,8863984.89924072,3.7826652287527693,0.9646257232261088,-0.18374556093294084,294.94199999999995,265.6174444444444,0.0,42.06111111111111,0.21428571428571427
2025-02-15 18:30:00+01:00,294.7220940990291,294.7206224736086,0.0,1.1183124321909974e-05,0.056272321643454484,3215577.323293547,8863984.89924072,3.7826652287527693,0.9646257232261088,-0.17246145652642758,294.89455555555554,265.2682222222222,0.0,42.19,0.21428571428571427
2025-02-15 18:45:00+01:00,294.6867360526605,294.6844719097881,0.0,1.1183124321909974e-05,0.056272321643454484,3215577.323293547,8863984.89924072,3.7826652287527693,0.9646257232261088,-0.16726394733952327,294.854,265.04277777777776,0.0,42.33,0.21428571428571427
2025-02-15 19:00:00+01:00,294.6500540882627,294.64847364598205,0.0,1.1183124321909974e-05,0.056272321643454484,3215577.323293547,8863984.89924072,3.7826652287527693,0.9646257232261088,-0.1933903561816941,294.8434444444444,264.77655555555555,0.0,42.48888888888889,0.21428571428571427
2025-02-15 19:15:00+01:00,294.6140455712089,294.6118318165257,0.0,1.1183124321909974e-05,0.056272321643454484,3215577.323293547,8863984.89924072,3.7826652287527693,0.9646257232261088,-0.1695099843466591,294.78355555555555,264.4104444444444,0.0,42.376666666666665,0.21428571428571427
2025-02-15 19:30:00+01:00,294.57673781179665,294.5750559662363,0.0,1.1183124321909974e-05,0.056272321643454484,3215577.323293547,8863984.89924072,3.7826652287527693,0.9646257232261088,-0.17392885487001233,294.75066666666663,264.28566666666666,0.0,42.26,0.21428571428571427
2025-02-15 19:45:00+01:00,294.5400479608824,294.53788610131994,0.0,1.1183124321909974e-05,0.056272321643454484,3215577.323293547,8863984.89924072,3.7826652287527693,0.9646257232261088,-0.18095203911759236,294.721,264.3256666666666,0.0,42.72555555555556,0.21428571428571427
2025-02-15 20:00:00+01:00,294.5028275106976,294.50109321973457,0.0,1.1183124321909974e-05,0.056272321643454484,3215577.323293547,8863984.89924072,3.7826652287527693,0.9646257232261088,-0.15183915596904066,294.6546666666666,264.3343333333333,0.0,42.53,0.21428571428571427
2025-02-15 20:15:00+01:00,294.46624056177376,294.4641335454064,0.0,1.1183124321909974e-05,0.056272321643454484,3215577.323293547,8863984.89924072,3.7826652287527693,0.9646257232261088,-0.1505372160040318,294.61677777777777,264.14311111111107,0.0,42.80777777777778,0.21428571428571427
2025-02-15 20:30:00+01:00,294.42896697992785,294.42717182598653,0.0,1.1183124321909974e-05,0.056272321643454484,3215577.323293547,8863984.89924072,3.7826652287527693,0.9646257232261088,-0.12236635340548842,294.55133333333333,263.9281111111111,0.0,42.57333333333333,0.21428571428571427
2025-02-15 20:45:00+01:00,294.3918839013309,294.38979716652767,0.0,1.1183124321909974e-05,0.056272321643454484,3215577.323293547,8863984.89924072,3.7826652287527693,0.9646257232261088,-0.14222720978018735,294.5341111111111,263.82099999999997,0.0,42.87444444444444,0.21428571428571427
2025-02-15 21:00:00+01:00,294.35433428304657,294.3524953507021,0.0,1.1183124321909974e-05,0.056272321643454484,3215577.323293547,8863984.89924072,3.7826652287527693,0.9646257232261088,-0.10955460584229,294.46388888888885,263.6823333333333,0.0,42.367777777777775,0.21428571428571427
2025-02-15 21:15:00+01:00,294.3169596302254,294.3148978085481,0.0,1.1183124321909974e-05,0.056272321643454484,3215577.323293547,8863984.89924072,3.7826652287527693,0.9646257232261088,-0.11870703644121683,294.43566666666663,263.65,0.0,42.473333333333336,0.21428571428571427
2025-02-15 21:30:00+01:00,294.2792912336174,294.27742655038213,0.0,1.1183124321909974e-05,0.056272321643454484,3215577.323293547,8863984.89924072,3.7826652287527693,0.9646257232261088,-0.08659765527148913,294.3658888888889,263.59566666666666,0.0,42.79666666666667,0.21428571428571427
2025-02-15 21:45:00+01:00,294.24190189131315,294.23985539336417,0.0,1.1183124321909974e-05,0.056272321643454484,3215577.323293547,8863984.89924072,3.7826652287527693,0.9646257232261088,-0.10743144202017049,294.34933333333333,263.455,0.0,42.40777777777778,0.21428571428571427
2025-02-15 22:00:00+01:00,294.20409938670207,294.2022100773239,0.0,1.1183124321909974e-05,0.056272321643454484,3215577.323293547,8863984.89924072,3.7826652287527693,0.9646257232261088,-0.10712283552017733,294.3112222222222,263.34999999999997,0.0,42.855555555555554,0.21428571428571427
2025-02-15 22:15:00+01:00,294.1664677374076,294.16442523194127,0.0,1.1183124321909974e-05,0.056272321643454484,3215577.323293547,8863984.89924072,3.7826652287527693,0.9646257232261088,-0.07753226259240788,294.24399999999997,263.4218888888889,0.0,42.33111111111111,0.21428571428571427
2025-02-15 22:30:00+01:00,294.12871731287737,294.1268298269048,0.0,1.1183124321909974e-05,0.056272321643454484,3215577.323293547,8863984.89924072,3.7826652287527693,0.9646257232261088,-0.049504909344825994,294.1782222222222,263.3541111111111,0.0,42.13777777777778,0.21428571428571427
2025-02-15 22:45:00+01:00,294.09112811032406,294.0891026595351,0.0,1.1183124321909974e-05,0.056272321643454484,3215577.323293547,8863984.89924072,3.7826652287527693,0.9646257232261088,-0.058871889675915376,294.15,263.26599999999996,0.03,42.49777777777778,0.21428571428571427
2025-02-15 23:00:00+01:00,294.0533241802135,294.0514092298852,0.0,1.1183124321909974e-05,0.056272321643454484,3215577.323293547,8863984.89924072,3.7826652287527693,0.9646257232261088,-0.03556470867533097,294.08888888888885,263.58244444444443,0.2088888888888889,42.24444444444445,0.21428571428571427
2025-02-15 23:15:00+01:00,294.01615319752096,294.01416865750656,0.0,1.1183124321909974e-05,0.056272321643454484,3215577.323293547,8863984.89924072,3.7826652287527693,0.9646257232261088,-0.03384680247899667,294.04999999999995,263.6652222222222,0.1,42.593333333333334,0.21428571428571427
2025-02-15 23:30:00+01:00,293.97902925692796,293.9771197509478,0.0,1.1183124321909974e-05,0.056272321643454484,3215577.323293547,8863984.89924072,3.7826652287527693,0.9646257232261088,-0.05019296529421327,294.0292222222222,263.75,0.11444444444444445,42.62888888888889,0.21428571428571427
2025-02-15 23:45:00+01:00,293.9421692585675,293.9402038214167,0.0,1.1183124321909974e-05,0.056272321643454484,3215577.323293547,8863984.89924072,3.7826652287527693,0.9646257232261088,-0.017830741432452384,293.96,263.60644444444443,0.0,42.52111111111111,0.21428571428571427
2025-02-16 00:00:00+01:00,293.90505233797467,293.90313430871186,0.0,1.1183124321909974e-05,0.056272321643454484,3215577.323293547,8863984.89924072,3.7826652287527693,0.9646257232261088,-0.04283655091419177,293.9478888888889,263.46877777777775,0.0,42.44222222222222,0.21428571428571427
2025-02-16 00:15:00+01:00,293.8678688914722,293.86589984016473,0.0,1.1183124321909974e-05,0.056272321643454484,3215577.323293547,8863984.89924072,3.7826652287527693,0.9646257232261088,-0.010908886305576756,293.87877777777777,263.3622222222222,0.0,42.965555555555554,0.21428571428571427
2025-02-16 00:30:00+01:00,293.83057138915973,293.828632954572,0.0,1.1183124321909974e-05,0.056272321643454484,3215577.323293547,8863984.89924072,3.7826652287527693,0.9646257232261088,-0.018317499729117007,293.84888888888884,263.04088888888884,0.0,42.76555555555556,0.21428571428571427
2025-02-16 00:45:00+01:00,293.7929447419399,293.79095370316196,0.0,1.1183124321909974e-05,0.056272321643454484,3215577.323293547,8863984.89924072,3.7826652287527693,0.9646257232261088,0.0078336308288215,293.78511111111106,263.0362222222222,0.0,42.843333333333334,0.21428571428571427
2025-02-16 01:00:00+01:00,293.7552928532364,293.75335072350236,0.0,1.1183124321909974e-05,0.056272321643454484,3215577.323293547,8863984.89924072,3.7826652287527693,0.9646257232261088,0.00018174212534226506,293.7551111111111,262.90377777777775,0.15333333333333332,42.51,0.21428571428571427
2025-02-16 01:15:00+01:00,293.71761243236654,293.71561333260684,0.0,1.1183124321909974e-05,0.056272321643454484,3215577.323293547,8863984.89924072,3.7826652287527693,0.9646257232261088,-0.02983201207786911,293.7474444444444,263.13666666666666,0.89,42.62222222222222,0.21428571428571427
2025-02-16 01:30:00+01:00,293.68043974198497,293.67847343961455,0.0,1.1183124321909974e-05,0.056272321643454484,3215577.323293547,8863984.89924072,3.7826652287527693,0.9646257232261088,-0.007004702459397888,293.6874444444444,263.3951111111111,0.92,42.69111111111111,0.21428571428571427
2025-02-16 01:45:00+01:00,293.64369740819217,293.6417286744952,0.0,1.1183124321909974e-05,0.056272321643454484,3215577.323293547,8863984.89924072,3.7826652287527693,0.9646257232261088,-0.005413702918949116,293.6491111111111,263.65799999999996,0.4022222222222222,42.92,0.21428571428571427
2025-02-16 02:00:00+01:00,293.60717702920056,293.6052673313799,0.0,1.1183124321909974e-05,0.056272321643454484,3215577.323293547,8863984.89924072,3.7826652287527693,0.9646257232261088,-0.01504519302164189,293.6222222222222,263.65,0.2688888888888889,42.74,0.21428571428571427
2025-02-16 02:15:00+01:00,293.5707158855454,293.5687670494845,0.0,1.1183124321909974e-05,0.056272321643454484,3215577.323293547,8863984.89924072,3.7826652287527693,0.9646257232261088,0.013271441100970813,293.5574444444444,263.72711111111107,0.41888888888888887,42.53111111111111,0.21428571428571427
2025-02-16 02:30:00+01:00,293.53437387654594,293.5324655151465,0.0,1.1183124321909974e-05,0.056272321643454484,3215577.323293547,8863984.89924072,3.7826652287527693,0.9646257232261088,-0.012737234565115284,293.54711111111106,263.8762222222222,0.2544444444444444,42.61222222222222,0.21428571428571427
2025-02-16 02:45:00+01:00,293.4982730486998,293.49635564848654,0.0,1.1183124321909974e-05,0.056272321643454484,3215577.323293547,8863984.89924072,3.7826652287527693,0.9646257232261088,-0.003949173522427905,293.5022222222222,264.14388888888885,0.4,42.66444444444444,0.21428571428571427
2025-02-16 03:00:00+01:00,293.46259094595456,293.4607026042459,0.0,1.1183124321909974e-05,0.056272321643454484,3215577.323293547,8863984.89924072,3.7826652287527693,0.9646257232261088,0.014924279287914082,293.44766666666663,264.57877777777776,0.5866666666666667,42.352222222222224,0.21428571428571427
2025-02-16 03:15:00+01:00,293.42757199743966,293.4256985343743,0.0,1.1183124321909974e-05,0.056272321643454484,3215577.323293547,8863984.89924072,3.7826652287527693,0.9646257232261088,0.016127552995195388,293.41144444444444,264.56888888888886,0.044444444444444446,42.64888888888889,0.21428571428571427
2025-02-16 03:30:00+01:00,293.3924535762866,293.3905967591494,0.0,1.1183124321909974e-05,0.056272321643454484,3215577.323293547,8863984.89924072,3.7826652287527693,0.9646257232261088,0.03578690961993255,293.3566666666666,264.5483333333333,0.5144444444444445,42.80111111111111,0.21428571428571427
2025-02-16 03:45:00+01:00,293.3575416294187,293.3556416179371,0.0,1.1183124321909974e-05,0.056272321643454484,3215577.323293547,8863984.89924072,3.7826652287527693,0.9646257232261088,0.009097184974254798,293.3484444444444,264.66433333333333,0.7588888888888888,42.63333333333333,0.21428571428571427
2025-02-16 04:00:00+01:00,293.3228239366964,293.3209655815407,0.0,1.1183124321909974e-05,0.056272321643454484,3215577.323293547,8863984.89924072,3.7826652287527693,0.9646257232261088,0.01960171447422268,293.3032222222222,265.05911111111106,0.24666666666666667,42.60888888888889,0.21428571428571427
2025-02-16 04:15:00+01:00,293.28853241390124,293.28671032177743,0.0,1.1183124321909974e-05,0.056272321643454484,3215577.323293547,8863984.89924072,3.7826652287527693,0.9646257232261088,0.03408796945680983,293.2544444444444,265.08744444444443,0.24888888888888888,42.83888888888889,0.21428571428571427
2025-02-16 04:30:00+01:00,293.25438916612376,293.2525375095833,0.0,1.1183124321909974e-05,0.056272321643454484,3215577.323293547,8863984.89924072,3.7826652287527693,0.9646257232261088,0.008722499457146303,293.24566666666664,265.2902222222222,0.4922222222222222,42.60333333333333,0.21428571428571427
2025-02-16 04:45:00+01:00,293.2205605799424,293.2187481280609,0.0,1.1183124321909974e-05,0.056272321643454484,3215577.323293547,8863984.89924072,3.7826652287527693,0.9646257232261088,0.02244946883131859,293.1981111111111,265.25,0.5555555555555556,42.67111111111111,0.21428571428571427
2025-02-16 05:00:00+01:00,293.18680449210336,293.18495180845355,0.0,1.1183124321909974e-05,0.056272321643454484,3215577.323293547,8863984.89924072,3.7826652287527693,0.9646257232261088,0.03680449210340247,293.15,265.481,0.6655555555555556,42.72,0.21428571428571427
2025-02-16 05:15:00+01:00,293.1533633365585,293.15156569018313,421.8777777777778,1.1183124321909974e-05,0.056272321643454484,3215577.323293547,8863984.89924072,3.7826652287527693,0.9646257232261088,0.0033633365585232578,293.15,265.61988888888885,0.16,42.53777777777778,0.21428571428571427
2025-02-16 05:30:00+01:00,293.1562478542664,293.14790889196934,3302.411111111111,1.1183124321909974e-05,0.056272321643454484,3215577.323293547,8863984.89924072,3.7826652287527693,0.9646257232261088,0.03813674315526898,293.1181111111111,265.6901111111111,0.5911111111111111,42.776666666666664,0.21428571428571427
2025-02-16 05:45:00+01:00,293.397574288704,293.3503625547796,2687.588888888889,1.1183124321909974e-05,0.056272321643454484,3215577.323293547,8863984.89924072,3.7826652287527693,0.9646257232261088,0.25357428870396015,293.144,265.91577777777775,0.8055555555555556,42.59888888888889,0.21428571428571427
2025-02-16 06:00:00+01:00,293.5323074666463,293.52918743057603,1848.9222222222222,1.1183124321909974e-05,0.056272321643454484,3215577.323293547,8863984.89924072,3.7826652287527693,0.9646257232261088,0.25475191109077333,293.2775555555555,266.0368888888889,0.55,42.46666666666667,0.21428571428571427
2025-02-16 06:15:00+01:00,293.6560233937797,293.62671355511003,1762.8444444444444,1.1183124321909974e-05,0.056272321643454484,3215577.323293547,8863984.89924072,3.7826652287527693,0.9646257232261088,0.194912282668627,293.4611111111111,266.08299999999997,0.2877777777777778,42.54,0.21428571428571427
2025-02-16 06:30:00+01:00,293.7358918415545,293.73121372497326,1843.1555555555556,1.1183124321909974e-05,0.056272321643454484,3215577.323293547,8863984.89924072,3.7826652287527693,0.9646257232261088,0.10400295266566102,293.63188888888885,266.33311111111107,0.28444444444444444,42.413333333333334,0.21428571428571427
2025-02-16 06:45:00+01:00,293.85697938655665,293.82917018672833,1781.2222222222224,1.1183124321909974e-05,0.056272321643454484,3215577.323293547,8863984.89924072,3.7826652287527693,0.9646257232261088,0.06131271988998999,293.79566666666665,266.8702222222222,0.9322222222222222,42.50333333333333,0.21428571428571427
2025-02-16 07:00:00+01:00,293.94144325044897,293.9351669484269,1784.3777777777777,1.1183124321909974e-05,0.056272321643454484,3215577.323293547,8863984.89924072,3.7826652287527693,0.9646257232261088,-0.04611230510657223,293.98755555555556,267.04999999999995,0.30333333333333334,43.56777777777778,0.21428571428571427
2025-02-16 07:15:00+01:00,294.0560121414286,294.0305683443534,1791.711111111111,1.1183124321909974e-05,0.056272321643454484,3215577.323293547,8863984.89924072,3.7826652287527693,0.9646257232261088,-0.09687674746029695,294.15288888888887,267.04999999999995,0.017777777777777778,43.67777777777778,0.21428571428571427
2025-02-16 07:30:00+01:00,294.144429581347,294.1359212428719,1768.6666666666665,1.1183124321909974e-05,0.056272321643454484,3215577.323293547,8863984.89924072,3.7826652287527693,0.9646257232261088,-0.17468152976408075,294.3191111111111,267.1824444444444,0.8444444444444444,43.19222222222222,0.21428571428571427
2025-02-16 07:45:00+01:00,294.25461408862395,294.23136568614,1757.677777777778,1.1183124321909974e-05,0.056272321643454484,3215577.323293547,8863984.89924072,3.7826652287527693,0.9646257232261088,-0.222163689153758,294.4767777777777,267.45811111111107,1.4577777777777778,42.55,0.21428571428571427
2025-02-16 08:00:00+01:00,294.34378764038786,294.33380802945965,1776.3333333333333,1.1183124321909974e-05,0.056272321643454484,3215577.323293547,8863984.89924072,3.7826652287527693,0.9646257232261088,-0.281212359612121,294.625,267.66799999999995,3.0277777777777777,42.647777777777776,0.21428571428571427
2025-02-16 08:15:00+01:00,294.45361352455376,294.4314632894384,1692.7777777777778,1.1183124321909974e-05,0.056272321643454484,3215577.323293547,8863984.89924072,3.7826652287527693,0.9646257232261088,-0.326942031001723,294.7805555555555,267.83033333333333,6.093333333333334,42.25,0.21428571428571427
2025-02-16 08:30:00+01:00,294.540434354998,294.53023442244427,1612.5,1.1183124321909974e-05,0.056272321643454484,3215577.323293547,8863984.89924072,3.7826652287527693,0.9646257232261088,-0.37245453389084576,294.91288888888886,268.147,9.61888888888889,43.013333333333335,0.21428571428571427
2025-02-16 08:45:00+01:00,294.6384151168204,294.61863745677056,643.1222222222221,1.1183124321909974e-05,0.056272321643454484,3215577.323293547,8863984.89924072,3.7826652287527693,0.9646257232261088,-0.4028071054018084,295.0412222222222,268.49333333333334,20.925555555555555,42.68,0.21428571428571427
2025-02-16 09:00:00+01:00,294.6438714392158,294.6470096810966,0.0,1.1183124321909974e-05,0.056272321643454484,3215577.323293547,8863984.89924072,3.7826652287527693,0.9646257232261088,-0.49957300522865355,295.1434444444444,268.77655555555555,30.40222222222222,42.93333333333333,0.21428571428571427
2025-02-16 09:15:00+01:00,294.62931548823065,294.62151561788977,0.0,1.1183124321909974e-05,0.056272321643454484,3215577.323293547,8863984.89924072,3.7826652287527693,0.9646257232261088,-0.46924006732491536,295.09855555555555,268.9582222222222,37.49888888888889,42.66111111111111,0.21428571428571427
2025-02-16 09:30:00+01:00,294.6021331509762,294.6036678652654,0.0,1.1183124321909974e-05,0.056272321643454484,3215577.323293547,8863984.89924072,3.7826652287527693,0.9646257232261088,-0.3905335156904485,294.99266666666665,269.1004444444444,40.85333333333333,42.715555555555554,0.21428571428571427
2025-02-16 09:45:00+01:00,294.589188111571,294.582240991715,0.0,1.1183124321909974e-05,0.056272321643454484,3215577.323293547,8863984.89924072,3.7826652287527693,0.9646257232261088,-0.36081188842897854,294.95,269.05899999999997,59.71,42.37,0.21428571428571427
2025-02-16 10:00:00+01:00,294.57055105195815,294.57004301341533,0.0,1.1183124321909974e-05,0.056272321643454484,3215577.323293547,8863984.89924072,3.7826652287527693,0.9646257232261088,-0.3242267258195851,294.89477777777773,269.26033333333334,61.04222222222222,42.46222222222222,0.21428571428571427
2025-02-16 10:15:00+01:00,294.5615496550101,294.55525783489713,326.4666666666667,1.1183124321909974e-05,0.056272321643454484,3215577.323293547,8863984.89924072,3.7826652287527693,0.9646257232261088,-0.28867256721213985,294.8502222222222,269.62255555555555,68.4588888888889,42.55,0.21428571428571427
2025-02-16 10:30:00+01:00,294.5754383291335,294.5688282634781,797.0333333333334,1.1183124321909974e-05,0.056272321643454484,3215577.323293547,8863984.89924072,3.7826652287527693,0.9646257232261088,-0.2625616708665162,294.83799999999997,269.9724444444444,78.01226666666666,42.37777777777778,0.21428571428571427
2025-02-16 10:45:00+01:00,294.6327864152352,294.61863815479524,973.0222222222222,1.1183124321909974e-05,0.056272321643454484,3215577.323293547,8863984.89924072,3.7826652287527693,0.9646257232261088,-0.16621358476476494,294.799,270.4071111111111,76.54622222222223,42.15111111111111,0.21428571428571427
2025-02-16 11:00:00+01:00,294.694774681316,294.68472813203965,771.5666666666666,1.1183124321909974e-05,0.056272321643454484,3215577.323293547,8863984.89924072,3.7826652287527693,0.9646257232261088,-0.12722531868399573,294.822,270.6132222222222,112.17582222222221,42.58111111111111,0.21428571428571427
2025-02-16 11:15:00+01:00,294.75693732238585,294.7442851165094,918.1222222222223,1.1183124321909974e-05,0.056272321643454484,3215577.323293547,8863984.89924072,3.7826652287527693,0.9646257232261088,-0.09239601094749754,294.84933333333333,270.80988888888885,122.34968888888889,42.77111111111111,0.21428571428571427
2025-02-16 11:30:00+01:00,294.83155751260244,294.81836371809567,693.5111111111111,1.1183124321909974e-05,0.056272321643454484,3215577.323293547,8863984.89924072,3.7826652287527693,0.9646257232261088,-0.05433137628640566,294.88588888888887,270.8714444444444,133.25582222222224,42.40555555555556,0.21428571428571427
2025-02-16 11:45:00+01:00,294.8896417575221,294.8797770304974,163.95555555555555,1.1183124321909974e-05,0.056272321643454484,3215577.323293547,8863984.89924072,3.7826652287527693,0.9646257232261088,-0.07046935358897463,294.9601111111111,271.10477777777777,166.9360888888889,42.50111111111111,0.21428571428571427
2025-02-16 12:00:00+01:00,294.91804468981246,294.9114716386614,0.0,1.1183124321909974e-05,0.056272321643454484,3215577.323293547,8863984.89924072,3.7826652287527693,0.9646257232261088,-0.05151086574308608,294.96955555555553,271.426,197.65715555555556,42.80777777777778,0.21428571428571427
2025-02-16 12:15:00+01:00,294.94730057905645,294.93856534144345,0.0,1.1183124321909974e-05,0.056272321643454484,3215577.323293547,8863984.89924072,3.7826652287527693,0.9646257232261088,-0.0033660876101504933,294.9506666666666,271.5368888888889,94.49813333333333,42.68888888888889,0.21428571428571427
2025-02-16 12:30:00+01:00,294.94015772626875,294.9394062290961,0.0,1.1183124321909974e-05,0.056272321643454484,3215577.323293547,8863984.89924072,3.7826652287527693,0.9646257232261088,-0.009842273731263049,294.95,271.6342222222222,118.73617777777777,42.473333333333336,0.21428571428571427
2025-02-16 12:45:00+01:00,294.95205809742464,294.94279864786006,0.0,1.1183124321909974e-05,0.056272321643454484,3215577.323293547,8863984.89924072,3.7826652287527693,0.9646257232261088,0.023946986313532093,294.9281111111111,271.83,109.22275555555555,42.181111111111115,0.21428571428571427
2025-02-16 13:00:00+01:00,294.9492884174797,294.9481757922524,0.0,1.1183124321909974e-05,0.056272321643454484,3215577.323293547,8863984.89924072,3.7826652287527693,0.9646257232261088,0.01206619525748608,294.9372222222222,272.0041111111111,114.86373333333333,42.672222222222224,0.21428571428571427
2025-02-16 13:15:00+01:00,294.9598984773908,294.95122037846994,0.0,1.1183124321909974e-05,0.056272321643454484,3215577.323293547,8863984.89924072,3.7826652287527693,0.9646257232261088,0.04156514405750838,294.9183333333333,271.91799999999995,43.69822222222222,42.18,0.21428571428571427
2025-02-16 13:30:00+01:00,294.93675861803035,294.9389804930158,0.0,1.1183124321909974e-05,0.056272321643454484,3215577.323293547,8863984.89924072,3.7826652287527693,0.9646257232261088,0.020980840252599862,294.91577777777775,271.49355555555553,15.114444444444445,42.723333333333336,0.21428571428571427
2025-02-16 13:45:00+01:00,294.9189816230504,294.91313865934995,516.088888888889,1.1183124321909974e-05,0.056272321643454484,3215577.323293547,8863984.89924072,3.7826652287527693,0.9646257232261088,0.04898162305037706,294.87,271.4788888888889,102.5884,132.72333333333333,0.21428571428571427
2025-02-16 14:00:00+01:00,294.97019066679616,294.95703994664467,965.5666666666667,1.1183124321909974e-05,0.056272321643454484,3215577.323293547,8863984.89924072,3.7826652287527693,0.9646257232261088,0.12019066679618634,294.84999999999997,271.97644444444444,113.87337777777778,311.5755555555556,0.21428571428571427
2025-02-16 14:15:00+01:00,295.0688895269484,295.0519749148985,214.94444444444443,1.1183124321909974e-05,0.056272321643454484,3215577.323293547,8863984.89924072,3.7826652287527693,0.9646257232261088,0.16955619361509305,294.8993333333333,271.9456666666666,44.46222222222222,295.8666666666667,0.21428571428571427
2025-02-16 14:30:00+01:00,295.07394164980326,295.0763074600194,0.0,1.1183124321909974e-05,0.056272321643454484,3215577.323293547,8863984.89924072,3.7826652287527693,0.9646257232261088,0.11560831646996234,294.9583333333333,271.7205555555555,26.11111111111111,288.27444444444444,0.21428571428571427
2025-02-16 14:45:00+01:00,295.08037899542177,295.0700989601846,0.0,1.1183124321909974e-05,0.056272321643454484,3215577.323293547,8863984.89924072,3.7826652287527693,0.9646257232261088,0.10504566208848244,294.9753333333333,271.5671111111111,21.877777777777776,283.96777777777777,0.21428571428571427
2025-02-16 15:00:00+01:00,295.0673661491345,295.06862873786866,0.0,1.1183124321909974e-05,0.056272321643454484,3215577.323293547,8863984.89924072,3.7826652287527693,0.9646257232261088,0.0710328158011783,294.9963333333333,271.63666666666666,40.971111111111114,278.13666666666666,0.21428571428571427
2025-02-16 15:15:00+01:00,295.07616407225487,295.06613740317516,0.0,1.1183124321909974e-05,0.056272321643454484,3215577.323293547,8863984.89924072,3.7826652287527693,0.9646257232261088,0.06594185003270153,295.0102222222222,271.8178888888889,43.20333333333333,274.96222222222224,0.21428571428571427
2025-02-16 15:30:00+01:00,295.06999961431916,295.06994616970303,0.0,1.1183124321909974e-05,0.056272321643454484,3215577.323293547,8863984.89924072,3.7826652287527693,0.9646257232261088,0.054110725430275224,295.01588888888887,271.9521111111111,50.62444444444444,274.2111111111111,0.21428571428571427
2025-02-16 15:45:00+01:00,295.0801746763595,295.07084207312505,0.0,1.1183124321909974e-05,0.056272321643454484,3215577.323293547,8863984.89924072,3.7826652287527693,0.9646257232261088,0.05373023191503948,295.02644444444445,272.14444444444445,44.30222222222222,272.23555555555555,0.21428571428571427
2025-02-16 16:00:00+01:00,295.07550592245667,295.07484379359846,0.0,1.1183124321909974e-05,0.056272321643454484,3215577.323293547,8863984.89924072,3.7826652287527693,0.9646257232261088,0.031839255790023495,295.04366666666664,272.33588888888886,18.043333333333333,270.89222222222224,0.21428571428571427
2025-02-16 16:15:00+01:00,295.0744566894314,295.0676639180948,0.0,1.1183124321909974e-05,0.056272321643454484,3215577.323293547,8863984.89924072,3.7826652287527693,0.9646257232261088,0.0407900227647491,295.03366666666665,272.34277777777777,7.996666666666667,279.1533333333333,0.21428571428571427
2025-02-16 16:30:00+01:00,295.06234605823886,295.0614717503632,0.0,1.1183124321909974e-05,0.056272321643454484,3215577.323293547,8863984.89924072,3.7826652287527693,0.9646257232261088,0.03679050268335634,295.0255555555555,272.1194444444444,8.195555555555556,287.46222222222224,0.21428571428571427
2025-02-16 16:45:00+01:00,295.0589232808962,295.0526286779262,0.0,1.1183124321909974e-05,0.056272321643454484,3215577.323293547,8863984.89924072,3.7826652287527693,0.9646257232261088,0.0492566142295427,295.00966666666665,271.87477777777775,6.412222222222222,285.0411111111111,0.21428571428571427
2025-02-16 17:00:00+01:00,295.04691034013365,295.04555269172135,0.0,1.1183124321909974e-05,0.056272321643454484,3215577.323293547,8863984.89924072,3.7826652287527693,0.9646257232261088,0.03802145124480221,295.00888888888886,271.6745555555555,2.0122222222222224,283.1666666666667,0.21428571428571427
2025-02-16 17:15:00+01:00,295.0399178132525,295.0344370983618,0.0,1.1183124321909974e-05,0.056272321643454484,3215577.323293547,8863984.89924072,3.7826652287527693,0.9646257232261088,0.01858447991916423,295.0213333333333,271.54999999999995,0.7566666666666667,284.0988888888889,0.21428571428571427
2025-02-16 17:30:00+01:00,295.0267358803543,295.0249697391778,0.0,1.1183124321909974e-05,0.056272321643454484,3215577.323293547,8863984.89924072,3.7826652287527693,0.9646257232261088,0.06118032479881145,294.9655555555555,271.5868888888889,0.20333333333333334,262.1044444444444,0.21428571428571427
2025-02-16 17:45:00+01:00,295.0167617509718,295.012058722319,0.0,1.1183124321909974e-05,0.056272321643454484,3215577.323293547,8863984.89924072,3.7826652287527693,0.9646257232261088,0.03542841763852234,294.9813333333333,271.6788888888889,0.10222222222222223,179.41333333333333,0.21428571428571427
2025-02-16 18:00:00+01:00,294.99596658089916,294.9951283334948,0.0,1.1183124321909974e-05,0.056272321643454484,3215577.323293547,8863984.89924072,3.7826652287527693,0.9646257232261088,0.02263324756587174,294.9733333333333,271.59777777777776,0.0,42.6,0.21428571428571427
2025-02-16 18:15:00+01:00,294.96908859929965,294.96685988782235,0.0,1.1183124321909974e-05,0.056272321643454484,3215577.323293547,8863984.89924072,3.7826652287527693,0.9646257232261088,0.019088599299674644,294.95,271.4358888888889,0.0,42.958888888888886,0.21428571428571427
2025-02-16 18:30:00+01:00,294.9401452807392,294.93913424599214,0.0,1.1183124321909974e-05,0.056272321643454484,3215577.323293547,8863984.89924072,3.7826652287527693,0.9646257232261088,0.021478614072600752,294.91866666666664,271.4465555555555,0.6644444444444444,42.812222222222225,0.21428571428571427
2025-02-16 18:45:00+01:00,294.9131420040347,294.91101527398774,0.0,1.1183124321909974e-05,0.056272321643454484,3215577.323293547,8863984.89924072,3.7826652287527693,0.9646257232261088,0.05714200403470259,294.856,271.5665555555555,0.33444444444444443,43.03777777777778,0.21428571428571427
2025-02-16 19:00:00+01:00,294.88468833047637,294.8835844452133,0.0,1.1183124321909974e-05,0.056272321643454484,3215577.323293547,8863984.89924072,3.7826652287527693,0.9646257232261088,0.048688330476430425,294.83599999999996,271.6371111111111,0.034444444444444444,42.68,0.21428571428571427
2025-02-16 19:15:00+01:00,294.85764839035585,294.855667734236,0.0,1.1183124321909974e-05,0.056272321643454484,3215577.323293547,8863984.89924072,3.7826652287527693,0.9646257232261088,0.0994261681336155,294.75822222222223,271.6075555555555,0.0,42.69,0.21428571428571427
2025-02-16 19:30:00+01:00,294.8293802955251,294.8281809648942,0.0,1.1183124321909974e-05,0.056272321643454484,3215577.323293547,8863984.89924072,3.7826652287527693,0.9646257232261088,0.09526918441402928,294.7341111111111,271.45955555555554,0.0,43.14333333333333,0.21428571428571427
2025-02-16 19:45:00+01:00,294.80208251863854,294.8001696214438,0.0,1.1183124321909974e-05,0.056272321643454484,3215577.323293547,8863984.89924072,3.7826652287527693,0.9646257232261088,0.14286029641633896,294.6592222222222,271.3042222222222,0.27444444444444444,43.01555555555556,0.21428571428571427
2025-02-16 20:00:00+01:00,294.7737146929021,294.7724093907076,0.0,1.1183124321909974e-05,0.056272321643454484,3215577.323293547,8863984.89924072,3.7826652287527693,0.9646257232261088,0.153159137346555,294.62055555555554,271.51366666666667,0.49666666666666665,43.11,0.21428571428571427
2025-02-16 20:15:00+01:00,294.7465658159442,294.7447294883048,0.0,1.1183124321909974e-05,0.056272321643454484,3215577.323293547,8863984.89924072,3.7826652287527693,0.9646257232261088,0.19178803816645845,294.55477777777776,271.74755555555555,0.9433333333333334,43.026666666666664,0.21428571428571427
2025-02-16 20:30:00+01:00,294.71914565833777,294.7177826858051,0.0,1.1183124321909974e-05,0.056272321643454484,3215577.323293547,8863984.89924072,3.7826652287527693,0.9646257232261088,0.1738123250044529,294.5453333333333,271.8022222222222,0.9077777777777778,42.733333333333334,0.21428571428571427
2025-02-16 20:45:00+01:00,294.6924480363316,294.69067878446475,0.0,1.1183124321909974e-05,0.056272321643454484,3215577.323293547,8863984.89924072,3.7826652287527693,0.9646257232261088,0.19900359188717312,294.49344444444444,271.75,0.92,42.55444444444444,0.21428571428571427
2025-02-16 21:00:00+01:00,294.66514482040986,294.6637362794131,0.0,1.1183124321909974e-05,0.056272321643454484,3215577.323293547,8863984.89924072,3.7826652287527693,0.9646257232261088,0.21514482040985602,294.45,271.6663333333333,0.5533333333333333,42.96333333333333,0.21428571428571427
2025-02-16 21:15:00+01:00,294.6381856790564,294.63646612240046,0.0,1.1183124321909974e-05,0.056272321643454484,3215577.323293547,8863984.89924072,3.7826652287527693,0.9646257232261088,0.2007412346120075,294.4374444444444,271.53355555555555,0.7077777777777777,42.98888888888889,0.21428571428571427
2025-02-16 21:30:00+01:00,294.61071567218534,294.6092526891442,0.0,1.1183124321909974e-05,0.056272321643454484,3215577.323293547,8863984.89924072,3.7826652287527693,0.9646257232261088,0.24849344996312217,294.3622222222222,271.57277777777773,0.7277777777777777,43.17666666666667,0.21428571428571427
2025-02-16 21:45:00+01:00,294.5837065125415,294.5820180395081,0.0,1.1183124321909974e-05,0.056272321643454484,3215577.323293547,8863984.89924072,3.7826652287527693,0.9646257232261088,0.2337065125415351,294.34999999999997,271.65,0.6366666666666667,42.967777777777776,0.21428571428571427
2025-02-16 22:00:00+01:00,294.55646835805607,294.5549992908378,0.0,1.1183124321909974e-05,0.056272321643454484,3215577.323293547,8863984.89924072,3.7826652287527693,0.9646257232261088,0.22113502472276927,294.3353333333333,271.65,0.7755555555555556,42.757777777777775,0.21428571428571427
2025-02-16 22:15:00+01:00,294.52959591435274,294.5279294460401,0.0,1.1183124321909974e-05,0.056272321643454484,3215577.323293547,8863984.89924072,3.7826652287527693,0.9646257232261088,0.25126258101941196,294.2783333333333,271.7112222222222,0.8188888888888889,42.56777777777778,0.21428571428571427
2025-02-16 22:30:00+01:00,294.50255843887874,294.501076616801,0.0,1.1183124321909974e-05,0.056272321643454484,3215577.323293547,8863984.89924072,3.7826652287527693,0.9646257232261088,0.2547806611009726,294.24777777777774,271.75,0.84,42.95,0.21428571428571427
2025-02-16 22:45:00+01:00,294.4758975294439,294.474251120558,0.0,1.1183124321909974e-05,0.056272321643454484,3215577.323293547,8863984.89924072,3.7826652287527693,0.9646257232261088,0.2895641961105577,294.1863333333333,271.8252222222222,0.8977777777777778,43.05888888888889,0.21428571428571427
2025-02-16 23:00:00+01:00,294.4491637203059,294.44766883518224,0.0,1.1183124321909974e-05,0.056272321643454484,3215577.323293547,8863984.89924072,3.7826652287527693,0.9646257232261088,0.29683038697252606,294.15233333333333,271.85499999999996,0.9555555555555556,42.931111111111115,0.21428571428571427
2025-02-16 23:15:00+01:00,294.4227186387457,294.4210931711106,0.0,1.1183124321909974e-05,0.056272321643454484,3215577.323293547,8863984.89924072,3.7826652287527693,0.9646257232261088,0.27271863874576646,294.15,0.0,0.0,0.0,0.21428571428571427

